Time_in_ms;EmotiBit_timestamp;Round_number;Reliability;SCR_frequency_raw;User_ID
63844230254204;1202529;0;100;0;8cf2a7d56a
63844230254436;1202863;0;100;0;8cf2a7d56a
63844230254803;1203196;0;100;0;8cf2a7d56a
63844230255103;1203529;0;100;0;8cf2a7d56a
63844230255503;1203929;0;100;0;8cf2a7d56a
63844230255802;1204263;0;100;0;8cf2a7d56a
63844230256336;1204529;0;100;0;8cf2a7d56a
63844230256469;1204862;0;100;0;8cf2a7d56a
63844230256802;1205262;0;100;0;8cf2a7d56a
63844230257202;1205529;0;100;0;8cf2a7d56a
63844230257436;1205862;0;100;0;8cf2a7d56a
63844230257836;1206262;0;100;0;8cf2a7d56a
63844230258202;1206596;0;100;0;8cf2a7d56a
63844230258769;1206862;0;100;0;8cf2a7d56a
63844230258770;1207195;0;100;0;8cf2a7d56a
63844230259169;1207596;0;100;0;8cf2a7d56a
63844230259469;1207929;0;100;0;8cf2a7d56a
63844230259769;1208195;0;100;0;8cf2a7d56a
63844230260169;1208529;0;100;0;8cf2a7d56a
63844230260437;1208862;0;100;0;8cf2a7d56a
63844230261135;1209195;0;100;0;8cf2a7d56a
63844230261136;1209595;0;100;0;8cf2a7d56a
63844230261436;1209862;0;100;0;8cf2a7d56a
63844230261736;1210195;0;100;0;8cf2a7d56a
63844230262169;1210595;0;100;0;8cf2a7d56a
63844230262469;1210929;0;100;0;8cf2a7d56a
63844230262769;1211195;0;100;0;8cf2a7d56a
63844230263069;1211528;0;100;0;8cf2a7d56a
63844230263536;1211928;0;100;0;8cf2a7d56a
63844230263802;1212195;0;100;0;8cf2a7d56a
63844230264102;1212528;0;100;0;8cf2a7d56a
63844230264502;1212928;0;100;0;8cf2a7d56a
63844230264802;1213262;0;100;0;8cf2a7d56a
63844230265135;1213595;0;100;0;8cf2a7d56a
63844230265437;1213862;0;100;0;8cf2a7d56a
63844230266035;1214195;0;100;0;8cf2a7d56a
63844230266069;1214528;0;100;0;8cf2a7d56a
63844230266469;1214928;0;100;0;8cf2a7d56a
63844230266769;1215195;0;100;0;8cf2a7d56a
63844230267069;1215528;0;100;0;8cf2a7d56a
63844230267469;1215928;0;100;0;8cf2a7d56a
63844230267802;1216195;0;100;0;8cf2a7d56a
63844230268469;1216528;0;100;0;8cf2a7d56a
63844230268469;1216861;0;100;0;8cf2a7d56a
63844230268802;1217261;0;100;0;8cf2a7d56a
63844230269169;1217528;0;100;0;8cf2a7d56a
63844230269402;1217861;0;100;0;8cf2a7d56a
63844230269835;1218261;0;100;0;8cf2a7d56a
63844230270202;1218594;0;100;0;8cf2a7d56a
63844230270769;1218928;0;100;0;8cf2a7d56a
63844230270802;1219261;0;100;0;8cf2a7d56a
63844230271102;1219528;0;100;0;8cf2a7d56a
63844230271402;1219861;0;100;0;8cf2a7d56a
63844230271802;1220261;0;100;0;8cf2a7d56a
63844230272202;1220528;0;100;0;8cf2a7d56a
63844230272435;1220861;0;100;0;8cf2a7d56a
63844230273235;1221261;0;100;0;8cf2a7d56a
63844230273236;1221594;0;100;0;8cf2a7d56a
63844230273435;1221861;0;100;0;8cf2a7d56a
63844230273736;1222194;0;100;0;8cf2a7d56a
63844230274169;1222594;0;100;0;8cf2a7d56a
63844230274469;1222861;0;100;0;8cf2a7d56a
63844230274802;1223261;0;100;0;8cf2a7d56a
63844230275102;1223527;0;100;0;8cf2a7d56a
63844230275569;1223861;0;100;0;8cf2a7d56a
63844230275836;1224261;0;100;0;8cf2a7d56a
63844230276135;1224527;0;100;0;8cf2a7d56a
63844230276436;1224860;0;100;0;8cf2a7d56a
63844230276735;1225194;0;100;0;8cf2a7d56a
63844230277135;1225594;0;100;0;8cf2a7d56a
63844230277435;1225860;0;100;0;8cf2a7d56a
63844230278070;1226194;0;100;0;8cf2a7d56a
63844230278202;1226594;0;100;0;8cf2a7d56a
63844230278468;1226927;0;100;0;8cf2a7d56a
63844230278768;1227193;0;100;0;8cf2a7d56a
63844230279069;1227527;0;100;0;8cf2a7d56a
63844230279469;1227927;0;100;0;8cf2a7d56a
63844230279768;1228193;0;100;0;8cf2a7d56a
63844230280402;1228527;0;100;0;8cf2a7d56a
63844230280502;1228860;0;100;0;8cf2a7d56a
63844230280735;1229193;0;100;0;8cf2a7d56a
63844230281202;1229593;0;100;0;8cf2a7d56a
63844230281468;1229860;0;100;0;8cf2a7d56a
63844230281769;1230193;0;100;0;8cf2a7d56a
63844230282068;1230526;0;100;0;8cf2a7d56a
63844230282802;1230926;0;100;0;8cf2a7d56a
63844230282802;1231193;0;100;0;8cf2a7d56a
63844230283069;1231526;0;100;0;8cf2a7d56a
63844230283502;1231926;0;100;0;8cf2a7d56a
63844230283802;1232193;0;100;0;8cf2a7d56a
63844230284102;1232526;0;100;0;8cf2a7d56a
63844230284402;1232860;0;100;0;8cf2a7d56a
63844230285202;1233260;0;100;0;8cf2a7d56a
63844230285202;1233526;0;100;0;8cf2a7d56a
63844230285435;1233860;0;100;0;8cf2a7d56a
63844230285835;1234259;0;100;0;8cf2a7d56a
63844230286135;1234593;0;100;0;8cf2a7d56a
63844230286435;1234859;0;100;0;8cf2a7d56a
63844230286735;1235193;0;100;0;8cf2a7d56a
63844230287135;1235593;0;100;0;8cf2a7d56a
63844230287635;1235859;0;100;0;8cf2a7d56a
63844230287769;1236193;0;100;0;8cf2a7d56a
63844230288102;1236526;0;100;0;8cf2a7d56a
63844230288469;1236926;0;100;0;8cf2a7d56a
63844230288769;1237193;0;100;0;8cf2a7d56a
63844230289069;1237526;0;100;0;8cf2a7d56a
63844230289469;1237926;0;100;0;8cf2a7d56a
63844230290069;1238193;0;100;0;8cf2a7d56a
63844230290202;1238526;0;100;0;8cf2a7d56a
63844230290402;1238859;0;100;0;8cf2a7d56a
63844230290802;1239259;0;100;0;8cf2a7d56a
63844230291135;1239526;0;100;0;8cf2a7d56a
63844230291435;1239859;0;100;0;8cf2a7d56a
63844230291835;1240259;0;100;0;8cf2a7d56a
63844230292402;1240592;0;100;0;8cf2a7d56a
63844230292535;1240859;0;100;0;8cf2a7d56a
63844230292735;1241192;0;100;0;8cf2a7d56a
63844230293202;1241592;0;100;0;8cf2a7d56a
63844230293469;1241859;0;100;0;8cf2a7d56a
63844230293768;1242192;0;100;0;8cf2a7d56a
63844230294068;1242525;0;100;0;8cf2a7d56a
63844230294801;1242925;0;100;0;8cf2a7d56a
63844230294802;1243192;0;100;0;8cf2a7d56a
63844230295101;1243525;0;100;0;8cf2a7d56a
63844230295468;1243925;0;100;0;8cf2a7d56a
63844230295801;1244192;0;100;0;8cf2a7d56a
63844230296102;1244525;0;100;0;8cf2a7d56a
63844230296401;1244859;0;100;0;8cf2a7d56a
63844230297168;1245259;0;100;0;8cf2a7d56a
63844230297203;1245525;0;100;0;8cf2a7d56a
63844230297401;1245858;0;100;0;8cf2a7d56a
63844230297835;1246258;0;100;0;8cf2a7d56a
63844230298135;1246592;0;100;0;8cf2a7d56a
63844230298435;1246858;0;100;0;8cf2a7d56a
63844230298735;1247191;0;100;0;8cf2a7d56a
63844230299201;1247591;0;100;0;8cf2a7d56a
63844230299602;1247858;0;100;0;8cf2a7d56a
63844230299768;1248191;0;100;0;8cf2a7d56a
63844230300068;1248525;0;100;0;8cf2a7d56a
63844230300468;1248925;0;100;0;8cf2a7d56a
63844230300769;1249191;0;100;0;8cf2a7d56a
63844230301068;1249525;0;100;0;8cf2a7d56a
63844230301468;1249925;0;100;0;8cf2a7d56a
63844230302068;1250258;0;100;0;8cf2a7d56a
63844230302202;1250525;0;100;0;8cf2a7d56a
63844230302402;1250858;0;100;0;8cf2a7d56a
63844230302801;1251258;0;100;0;8cf2a7d56a
63844230303201;1251525;0;100;0;8cf2a7d56a
63844230303435;1251858;0;100;0;8cf2a7d56a
63844230303835;1252258;0;100;0;8cf2a7d56a
63844230304468;1252591;0;100;0;8cf2a7d56a
63844230304468;1252858;0;100;0;8cf2a7d56a
63844230304735;1253191;0;100;0;8cf2a7d56a
63844230305201;1253591;0;100;0;8cf2a7d56a
63844230305468;1253858;0;100;0;8cf2a7d56a
63844230305768;1254191;0;100;0;8cf2a7d56a
63844230306235;1254591;0;100;0;8cf2a7d56a
63844230306801;1254924;0;100;0;8cf2a7d56a
63844230306835;1255191;0;100;0;8cf2a7d56a
63844230307101;1255524;0;100;0;8cf2a7d56a
63844230307402;1255857;0;100;0;8cf2a7d56a
63844230307801;1256257;0;100;0;8cf2a7d56a
63844230308168;1256524;0;100;0;8cf2a7d56a
63844230308435;1256857;0;100;0;8cf2a7d56a
63844230309201;1257257;0;100;0;8cf2a7d56a
63844230309202;1257590;0;100;0;8cf2a7d56a
63844230309435;1257857;0;100;0;8cf2a7d56a
63844230309868;1258190;0;100;0;8cf2a7d56a
63844230310135;1258590;0;100;0;8cf2a7d56a
63844230310468;1258857;0;100;0;8cf2a7d56a
63844230310735;1259190;0;100;0;8cf2a7d56a
63844230311201;1259590;0;100;0;8cf2a7d56a
63844230311701;1259924;0;100;0;8cf2a7d56a
63844230311768;1260190;0;100;0;8cf2a7d56a
63844230312068;1260524;0;100;0;8cf2a7d56a
63844230312468;1260923;0;100;0;8cf2a7d56a
63844230312768;1261190;0;100;0;8cf2a7d56a
63844230313068;1261524;0;100;0;8cf2a7d56a
63844230313501;1261923;0;100;0;8cf2a7d56a
63844230314101;1262257;0;100;0;8cf2a7d56a
63844230314201;1262523;0;100;0;8cf2a7d56a
63844230314401;1262857;0;100;0;8cf2a7d56a
63844230314801;1263257;0;100;0;8cf2a7d56a
63844230315135;1263523;0;100;0;8cf2a7d56a
63844230315435;1263857;0;100;0;8cf2a7d56a
63844230315735;1264190;0;100;0;8cf2a7d56a
63844230316435;1264590;0;100;0;8cf2a7d56a
63844230316468;1264923;0;100;0;8cf2a7d56a
63844230316768;1265190;0;100;0;8cf2a7d56a
63844230317101;1265523;0;100;0;8cf2a7d56a
63844230317401;1265856;0;100;0;8cf2a7d56a
63844230317801;1266256;0;100;0;8cf2a7d56a
63844230318135;1266523;0;100;0;8cf2a7d56a
63844230318801;1266856;0;100;0;8cf2a7d56a
63844230318901;1267256;0;100;0;8cf2a7d56a
63844230319135;1267589;0;100;0;8cf2a7d56a
63844230319434;1267856;0;100;0;8cf2a7d56a
63844230319735;1268189;0;100;0;8cf2a7d56a
63844230320201;1268589;0;100;0;8cf2a7d56a
63844230320468;1268856;0;100;0;8cf2a7d56a
63844230320768;1269189;0;100;0;8cf2a7d56a
63844230321301;1269523;0;100;0;8cf2a7d56a
63844230321435;1269856;0;100;0;8cf2a7d56a
63844230321734;1270189;0;100;0;8cf2a7d56a
63844230322135;1270589;0;100;0;8cf2a7d56a
63844230322435;1270856;0;100;0;8cf2a7d56a
63844230322734;1271189;0;100;0;8cf2a7d56a
63844230323201;1271589;0;100;0;8cf2a7d56a
63844230323634;1271922;0;100;0;8cf2a7d56a
63844230323768;1272189;0;100;0;8cf2a7d56a
63844230324068;1272522;0;100;0;8cf2a7d56a
63844230324468;1272922;0;100;0;8cf2a7d56a
63844230324768;1273189;0;100;0;8cf2a7d56a
63844230325101;1273522;0;100;0;8cf2a7d56a
63844230325501;1273922;0;100;0;8cf2a7d56a
63844230326035;1274255;0;100;0;8cf2a7d56a
63844230326201;1274522;0;100;0;8cf2a7d56a
63844230326401;1274855;0;100;0;8cf2a7d56a
63844230326834;1275255;0;100;0;8cf2a7d56a
63844230327168;1275522;0;100;0;8cf2a7d56a
63844230327434;1275855;0;100;0;8cf2a7d56a
63844230327735;1276189;0;100;0;8cf2a7d56a
63844230328435;1276589;0;100;0;8cf2a7d56a
63844230328435;1276855;0;100;0;8cf2a7d56a
63844230328734;1277189;0;100;0;8cf2a7d56a
63844230329201;1277588;0;100;0;8cf2a7d56a
63844230329468;1277855;0;100;0;8cf2a7d56a
63844230329767;1278188;0;100;0;8cf2a7d56a
63844230330068;1278522;0;100;0;8cf2a7d56a
63844230330834;1278922;0;100;0;8cf2a7d56a
63844230330836;1279188;0;100;0;8cf2a7d56a
63844230331101;1279522;0;100;0;8cf2a7d56a
63844230331501;1279922;0;100;0;8cf2a7d56a
63844230331801;1280255;0;100;0;8cf2a7d56a
63844230332101;1280522;0;100;0;8cf2a7d56a
63844230332401;1280855;0;100;0;8cf2a7d56a
63844230332801;1281255;0;100;0;8cf2a7d56a
63844230333335;1281522;0;100;0;8cf2a7d56a
63844230333401;1281855;0;100;0;8cf2a7d56a
63844230333735;1282188;0;100;0;8cf2a7d56a
63844230334134;1282588;0;100;0;8cf2a7d56a
63844230334434;1282855;0;100;0;8cf2a7d56a
63844230334734;1283188;0;100;0;8cf2a7d56a
63844230335201;1283588;0;100;0;8cf2a7d56a
63844230335668;1283921;0;100;0;8cf2a7d56a
63844230335801;1284188;0;100;0;8cf2a7d56a
63844230336068;1284521;0;100;0;8cf2a7d56a
63844230336468;1284921;0;100;0;8cf2a7d56a
63844230336801;1285254;0;100;0;8cf2a7d56a
63844230337101;1285521;0;100;0;8cf2a7d56a
63844230337501;1285921;0;100;0;8cf2a7d56a
63844230338068;1286254;0;100;0;8cf2a7d56a
63844230338167;1286521;0;100;0;8cf2a7d56a
63844230338434;1286854;0;100;0;8cf2a7d56a
63844230338767;1287188;0;100;0;8cf2a7d56a
63844230339134;1287588;0;100;0;8cf2a7d56a
63844230339434;1287854;0;100;0;8cf2a7d56a
63844230339734;1288187;0;100;0;8cf2a7d56a
63844230340535;1288587;0;100;0;8cf2a7d56a
63844230340535;1288854;0;100;0;8cf2a7d56a
63844230340767;1289187;0;100;0;8cf2a7d56a
63844230341201;1289521;0;100;0;8cf2a7d56a
63844230341467;1289921;0;100;0;8cf2a7d56a
63844230341767;1290187;0;100;0;8cf2a7d56a
63844230342068;1290521;0;100;0;8cf2a7d56a
63844230342834;1290920;0;100;0;8cf2a7d56a
63844230342867;1291254;0;100;0;8cf2a7d56a
63844230343101;1291521;0;100;0;8cf2a7d56a
63844230343400;1291854;0;100;0;8cf2a7d56a
63844230343801;1292254;0;100;0;8cf2a7d56a
63844230344201;1292521;0;100;0;8cf2a7d56a
63844230344401;1292854;0;100;0;8cf2a7d56a
63844230344834;1293254;0;100;0;8cf2a7d56a
63844230345234;1293587;0;100;0;8cf2a7d56a
63844230345434;1293854;0;100;0;8cf2a7d56a
63844230345734;1294187;0;100;0;8cf2a7d56a
63844230346134;1294587;0;100;0;8cf2a7d56a
63844230346468;1294853;0;100;0;8cf2a7d56a
63844230346767;1295187;0;100;0;8cf2a7d56a
63844230347068;1295520;0;100;0;8cf2a7d56a
63844230347735;1295920;0;100;0;8cf2a7d56a
63844230347767;1296187;0;100;0;8cf2a7d56a
63844230348068;1296520;0;100;0;8cf2a7d56a
63844230348467;1296920;0;100;0;8cf2a7d56a
63844230348801;1297253;0;100;0;8cf2a7d56a
63844230349101;1297520;0;100;0;8cf2a7d56a
63844230349401;1297853;0;100;0;8cf2a7d56a
63844230350067;1298253;0;100;0;8cf2a7d56a
63844230350267;1298520;0;100;0;8cf2a7d56a
63844230350434;1298853;0;100;0;8cf2a7d56a
63844230350767;1299186;0;100;0;8cf2a7d56a
63844230351134;1299586;0;100;0;8cf2a7d56a
63844230351434;1299853;0;100;0;8cf2a7d56a
63844230351734;1300186;0;100;0;8cf2a7d56a
63844230352501;1300586;0;100;0;8cf2a7d56a
63844230352501;1300919;0;100;0;8cf2a7d56a
63844230352767;1301186;0;100;0;8cf2a7d56a
63844230353067;1301520;0;100;0;8cf2a7d56a
63844230353468;1301919;0;100;0;8cf2a7d56a
63844230353767;1302186;0;100;0;8cf2a7d56a
63844230354067;1302519;0;100;0;8cf2a7d56a
63844230354401;1302853;0;100;0;8cf2a7d56a
63844230354868;1303253;0;100;0;8cf2a7d56a
63844230355101;1303519;0;100;0;8cf2a7d56a
63844230355401;1303853;0;100;0;8cf2a7d56a
63844230355800;1304253;0;100;0;8cf2a7d56a
63844230356200;1304519;0;100;0;8cf2a7d56a
63844230356401;1304853;0;100;0;8cf2a7d56a
63844230356734;1305186;0;100;0;8cf2a7d56a
63844230357434;1305586;1;100;0;8cf2a7d56a
63844230357501;1305919;1;100;0;8cf2a7d56a
63844230357801;1306252;1;100;0;8cf2a7d56a
63844230358100;1306519;1;100;0;8cf2a7d56a
63844230358401;1306852;1;100;0;8cf2a7d56a
63844230358800;1307252;1;100;0;8cf2a7d56a
63844230359201;1307519;1;100;0;8cf2a7d56a
63844230359767;1307852;1;100;0;8cf2a7d56a
63844230359800;1308185;1;100;0;8cf2a7d56a
63844230360234;1308585;1;100;0;8cf2a7d56a
63844230360434;1308852;1;100;0;8cf2a7d56a
63844230360734;1309185;1;100;0;8cf2a7d56a
63844230361134;1309585;1;100;0;8cf2a7d56a
63844230361467;1309852;1;100;0;8cf2a7d56a
63844230362067;1310185;1;100;0;8cf2a7d56a
63844230362067;1310518;1;100;0;8cf2a7d56a
63844230362434;1310852;1;100;0;8cf2a7d56a
63844230362734;1311185;1;100;0;8cf2a7d56a
63844230363134;1311585;1;100;0;8cf2a7d56a
63844230363434;1311852;1;100;0;8cf2a7d56a
63844230363734;1312185;1;100;0;8cf2a7d56a
63844230364467;1312585;1;100;0;8cf2a7d56a
63844230364468;1312852;1;100;0;8cf2a7d56a
63844230364767;1313185;1;100;0;8cf2a7d56a
63844230365067;1313518;1;100;0;8cf2a7d56a
63844230365467;1313918;1;100;0;8cf2a7d56a
63844230365767;1314185;1;100;0;8cf2a7d56a
63844230366067;1314518;1;100;0;8cf2a7d56a
63844230366867;1314918;1;100;0;8cf2a7d56a
63844230366867;1315251;1;100;0;8cf2a7d56a
63844230367101;1315518;1;100;0;8cf2a7d56a
63844230367400;1315851;1;100;0;8cf2a7d56a
63844230367800;1316251;1;100;0;8cf2a7d56a
63844230368167;1316518;1;100;0;8cf2a7d56a
63844230368467;1316918;1;100;0;8cf2a7d56a
63844230368767;1317185;1;100;0;8cf2a7d56a
63844230369367;1317518;1;100;0;8cf2a7d56a
63844230369400;1317851;1;100;0;8cf2a7d56a
63844230369801;1318251;1;100;0;8cf2a7d56a
63844230370100;1318518;1;100;0;8cf2a7d56a
63844230370401;1318851;1;100;0;8cf2a7d56a
63844230370800;1319251;1;100;0;8cf2a7d56a
63844230371200;1319584;1;100;0;8cf2a7d56a
63844230371767;1319851;1;100;0;8cf2a7d56a
63844230371767;1320184;1;100;0;8cf2a7d56a
63844230372134;1320584;1;100;0;8cf2a7d56a
63844230372467;1320851;1;100;0;8cf2a7d56a
63844230372767;1321184;1;100;0;8cf2a7d56a
63844230373067;1321518;1;100;0;8cf2a7d56a
63844230373467;1321917;1;100;0;8cf2a7d56a
63844230374100;1322184;1;100;0;8cf2a7d56a
63844230374101;1322517;1;100;0;8cf2a7d56a
63844230374467;1322917;1;100;0;8cf2a7d56a
63844230374800;1323251;1;100;0;8cf2a7d56a
63844230375100;1323517;1;100;0;8cf2a7d56a
63844230375400;1323851;1;100;0;8cf2a7d56a
63844230375800;1324250;1;100;0;8cf2a7d56a
63844230376567;1324517;1;100;0;8cf2a7d56a
63844230376568;1324850;1;100;0;8cf2a7d56a
63844230376734;1325184;1;100;0;8cf2a7d56a
63844230377234;1325584;1;100;0;8cf2a7d56a
63844230377434;1325850;1;100;0;8cf2a7d56a
63844230377767;1326184;1;100;0;8cf2a7d56a
63844230378067;1326517;1;100;0;8cf2a7d56a
63844230378467;1326917;1;100;0;8cf2a7d56a
63844230378935;1327184;1;100;0;8cf2a7d56a
63844230379067;1327517;1;100;0;8cf2a7d56a
63844230379467;1327917;1;100;0;8cf2a7d56a
63844230379800;1328183;1;100;0;8cf2a7d56a
63844230380100;1328517;1;100;0;8cf2a7d56a
63844230380383;1328850;1;100;0;8cf2a7d56a
63844230380833;1329250;1;100;0;8cf2a7d56a
63844230381300;1329517;1;100;0;8cf2a7d56a
63844230381400;1329850;1;100;0;8cf2a7d56a
63844230381734;1330183;1;100;0;8cf2a7d56a
63844230382134;1330583;1;100;0;8cf2a7d56a
63844230382433;1330850;1;100;0;8cf2a7d56a
63844230382733;1331183;1;100;0;8cf2a7d56a
63844230383200;1331583;1;100;0;8cf2a7d56a
63844230383800;1331850;1;100;0;8cf2a7d56a
63844230383800;1332183;1;100;0;8cf2a7d56a
63844230384067;1332516;1;100;0;8cf2a7d56a
63844230384466;1332916;1;100;0;8cf2a7d56a
63844230384767;1333183;1;100;0;8cf2a7d56a
63844230385067;1333516;1;100;0;8cf2a7d56a
63844230385467;1333916;1;100;0;8cf2a7d56a
63844230386167;1334249;1;100;0;8cf2a7d56a
63844230386167;1334516;1;100;0;8cf2a7d56a
63844230386400;1334849;1;100;0;8cf2a7d56a
63844230386800;1335249;1;100;0;8cf2a7d56a
63844230387133;1335516;1;100;0;8cf2a7d56a
63844230387400;1335849;1;100;0;8cf2a7d56a
63844230387700;1336183;1;100;0;8cf2a7d56a
63844230388500;1336583;1;100;0;8cf2a7d56a
63844230388501;1336849;1;100;0;8cf2a7d56a
63844230388733;1337183;1;100;0;8cf2a7d56a
63844230389200;1337582;1;100;0;8cf2a7d56a
63844230389433;1337849;1;100;0;8cf2a7d56a
63844230389767;1338183;1;100;0;8cf2a7d56a
63844230390067;1338516;1;100;0;8cf2a7d56a
63844230390466;1338916;1;100;0;8cf2a7d56a
63844230391000;1339182;1;100;0;8cf2a7d56a
63844230391067;1339516;1;100;0;8cf2a7d56a
63844230391467;1339916;1;100;0;8cf2a7d56a
63844230391800;1340182;1;100;0;8cf2a7d56a
63844230392100;1340516;1;100;0;8cf2a7d56a
63844230392400;1340849;1;100;0;8cf2a7d56a
63844230392800;1341249;1;100;0;8cf2a7d56a
63844230393333;1341649;1;100;0;8cf2a7d56a
63844230393433;1341849;1;100;0;8cf2a7d56a
63844230393800;1342249;1;100;0;8cf2a7d56a
63844230394134;1342515;1;100;0;8cf2a7d56a
63844230394400;1342849;1;100;0;8cf2a7d56a
63844230394733;1343182;1;100;0;8cf2a7d56a
63844230395200;1343582;1;100;0;8cf2a7d56a
63844230395767;1343849;1;100;0;8cf2a7d56a
63844230395767;1344182;1;100;0;8cf2a7d56a
63844230396166;1344582;1;100;0;8cf2a7d56a
63844230396433;1344848;1;100;0;8cf2a7d56a
63844230396766;1345182;1;100;0;8cf2a7d56a
63844230397033;1345515;1;100;0;8cf2a7d56a
63844230397467;1345915;1;100;0;8cf2a7d56a
63844230398167;1346182;1;100;0;8cf2a7d56a
63844230398167;1346515;1;100;0;8cf2a7d56a
63844230398466;1346915;1;100;0;8cf2a7d56a
63844230398767;1347248;1;100;0;8cf2a7d56a
63844230399250;1347648;1;100;0;8cf2a7d56a
63844230399434;1347848;1;100;0;8cf2a7d56a
63844230399734;1348181;1;100;0;8cf2a7d56a
63844230400600;1348581;1;100;0;8cf2a7d56a
63844230400667;1348848;1;100;0;8cf2a7d56a
63844230400733;1349181;1;100;0;8cf2a7d56a
63844230401133;1349581;1;100;0;8cf2a7d56a
63844230401433;1349915;1;100;0;8cf2a7d56a
63844230401767;1350181;1;100;0;8cf2a7d56a
63844230402067;1350515;1;100;0;8cf2a7d56a
63844230402466;1350914;1;100;0;8cf2a7d56a
63844230402933;1351181;1;100;0;8cf2a7d56a
63844230403099;1351515;1;100;0;8cf2a7d56a
63844230403400;1351848;1;100;0;8cf2a7d56a
63844230403800;1352248;1;100;0;8cf2a7d56a
63844230404133;1352514;1;100;0;8cf2a7d56a
63844230404400;1352848;1;100;0;8cf2a7d56a
63844230404800;1353248;1;100;0;8cf2a7d56a
63844230405467;1353514;1;100;0;8cf2a7d56a
63844230405468;1353847;1;100;0;8cf2a7d56a
63844230405733;1354181;1;100;0;8cf2a7d56a
63844230406133;1354581;1;100;0;8cf2a7d56a
63844230406433;1354847;1;100;0;8cf2a7d56a
63844230406766;1355181;1;100;0;8cf2a7d56a
63844230407133;1355581;1;100;0;8cf2a7d56a
63844230407750;1355914;1;100;0;8cf2a7d56a
63844230407751;1356181;1;100;0;8cf2a7d56a
63844230408066;1356514;1;100;0;8cf2a7d56a
63844230408466;1356914;1;100;0;8cf2a7d56a
63844230408766;1357181;1;100;0;8cf2a7d56a
63844230409066;1357514;1;100;0;8cf2a7d56a
63844230409467;1357914;1;100;0;8cf2a7d56a
63844230410183;1358247;1;100;0;8cf2a7d56a
63844230410184;1358514;1;100;0;8cf2a7d56a
63844230410400;1358847;1;100;0;8cf2a7d56a
63844230410799;1359247;1;100;0;8cf2a7d56a
63844230411133;1359514;-1;100;0;8cf2a7d56a
63844230411400;1359847;-1;100;0;8cf2a7d56a
63844230411817;1360247;-1;100;0;8cf2a7d56a
63844230412133;1360580;-1;100;0;8cf2a7d56a
63844230412650;1360847;-1;100;0;8cf2a7d56a
63844230412750;1361180;-1;100;0;8cf2a7d56a
63844230413199;1361580;-1;100;0;8cf2a7d56a
63844230413433;1361847;-1;100;0;8cf2a7d56a
63844230413733;1362180;-1;100;0;8cf2a7d56a
63844230414050;1362513;-1;100;0;8cf2a7d56a
63844230414483;1362913;-1;100;0;8cf2a7d56a
63844230414933;1363180;-1;100;0;8cf2a7d56a
63844230415083;1363513;-1;100;0;8cf2a7d56a
63844230415466;1363913;-1;100;0;8cf2a7d56a
63844230415816;1364246;-1;100;0;8cf2a7d56a
63844230416083;1364513;-1;100;0;8cf2a7d56a
63844230416416;1364846;-1;100;0;8cf2a7d56a
63844230416799;1365246;-1;100;0;8cf2a7d56a
63844230417449;1365513;-1;100;0;8cf2a7d56a
63844230417450;1365846;-1;100;0;8cf2a7d56a
63844230417716;1366180;-1;100;0;8cf2a7d56a
63844230418116;1366580;-1;100;0;8cf2a7d56a
63844230418449;1366846;-1;100;0;8cf2a7d56a
63844230418783;1367180;-1;100;0;8cf2a7d56a
63844230419216;1367579;-1;100;0;8cf2a7d56a
63844230419767;1367913;-1;100;0;8cf2a7d56a
63844230419767;1368179;-1;100;0;8cf2a7d56a
63844230420049;1368513;-1;100;0;8cf2a7d56a
63844230420483;1368913;-1;100;0;8cf2a7d56a
63844230420767;1369179;-1;100;0;8cf2a7d56a
63844230421083;1369513;-1;100;0;8cf2a7d56a
63844230421383;1369846;-1;100;0;8cf2a7d56a
63844230422149;1370246;-1;100;0;8cf2a7d56a
63844230422150;1370513;-1;100;0;8cf2a7d56a
63844230422383;1370846;-1;100;0;8cf2a7d56a
63844230422816;1371246;-1;100;0;8cf2a7d56a
63844230423100;1371512;-1;100;0;8cf2a7d56a
63844230423416;1371846;-1;100;0;8cf2a7d56a
63844230423749;1372179;-1;100;0;8cf2a7d56a
63844230424149;1372579;-1;100;0;8cf2a7d56a
63844230424550;1372846;-1;100;0;8cf2a7d56a
63844230424766;1373179;-1;100;0;8cf2a7d56a
63844230425049;1373512;-1;100;0;8cf2a7d56a
63844230425449;1373912;-1;100;0;8cf2a7d56a
63844230425784;1374179;-1;100;0;8cf2a7d56a
63844230426066;1374512;-1;100;0;8cf2a7d56a
63844230426466;1374912;-1;100;0;8cf2a7d56a
63844230426950;1375179;2;100;0;8cf2a7d56a
63844230427083;1375512;2;100;0;8cf2a7d56a
63844230427416;1375845;2;100;0;8cf2a7d56a
63844230427816;1376245;2;100;0;8cf2a7d56a
63844230428116;1376512;2;100;0;8cf2a7d56a
63844230428416;1376845;2;100;0;8cf2a7d56a
63844230428783;1377179;2;100;0;8cf2a7d56a
63844230429383;1377578;2;100;0;8cf2a7d56a
63844230429516;1377845;2;100;0;8cf2a7d56a
63844230429883;1378245;2;100;0;8cf2a7d56a
63844230430149;1378578;2;100;0;8cf2a7d56a
63844230430449;1378845;2;100;0;8cf2a7d56a
63844230430782;1379178;2;100;0;8cf2a7d56a
63844230431049;1379512;2;100;0;8cf2a7d56a
63844230431783;1379912;2;100;0;8cf2a7d56a
63844230431882;1380245;2;100;0;8cf2a7d56a
63844230432149;1380512;2;100;0;8cf2a7d56a
63844230432415;1380845;2;100;0;8cf2a7d56a
63844230432716;1381178;2;100;0;8cf2a7d56a
63844230433116;1381578;2;100;0;8cf2a7d56a
63844230433416;1381845;2;100;0;8cf2a7d56a
63844230433749;1382178;2;100;0;8cf2a7d56a
63844230434150;1382578;2;100;0;8cf2a7d56a
63844230434449;1382845;2;100;0;8cf2a7d56a
63844230434749;1383178;2;100;0;8cf2a7d56a
63844230435049;1383511;2;100;0;8cf2a7d56a
63844230435449;1383911;2;100;0;8cf2a7d56a
63844230435782;1384178;2;100;0;8cf2a7d56a
63844230436149;1384578;2;100;0;8cf2a7d56a
63844230436583;1384911;2;100;0;8cf2a7d56a
63844230436749;1385178;2;100;0;8cf2a7d56a
63844230437049;1385511;2;100;0;8cf2a7d56a
63844230437449;1385911;2;100;0;8cf2a7d56a
63844230437816;1386244;2;100;0;8cf2a7d56a
63844230438216;1386578;2;100;0;8cf2a7d56a
63844230438449;1386844;2;100;0;8cf2a7d56a
63844230438949;1387178;2;100;0;8cf2a7d56a
63844230439049;1387511;2;100;0;8cf2a7d56a
63844230439416;1387844;2;100;0;8cf2a7d56a
63844230439782;1388177;2;100;0;8cf2a7d56a
63844230440083;1388511;2;100;0;8cf2a7d56a
63844230440382;1388844;2;100;0;8cf2a7d56a
63844230440783;1389244;2;100;0;8cf2a7d56a
63844230441482;1389511;2;100;0;8cf2a7d56a
63844230441483;1389844;2;100;0;8cf2a7d56a
63844230441749;1390177;2;100;0;8cf2a7d56a
63844230442150;1390577;2;100;0;8cf2a7d56a
63844230442449;1390844;2;100;0;8cf2a7d56a
63844230442749;1391177;2;100;0;8cf2a7d56a
63844230443049;1391511;2;100;0;8cf2a7d56a
63844230443783;1391910;2;100;0;8cf2a7d56a
63844230443916;1392377;2;100;0;8cf2a7d56a
63844230444383;1392777;2;100;0;8cf2a7d56a
63844230444616;1393044;2;100;0;8cf2a7d56a
63844230444816;1393244;2;100;0;8cf2a7d56a
63844230445116;1393510;2;100;0;8cf2a7d56a
63844230445416;1393844;2;100;0;8cf2a7d56a
63844230445716;1394177;2;100;0;8cf2a7d56a
63844230446183;1394577;2;100;0;8cf2a7d56a
63844230446416;1394844;2;100;0;8cf2a7d56a
63844230446749;1395177;2;100;0;8cf2a7d56a
63844230447149;1395577;2;100;0;8cf2a7d56a
63844230447449;1395910;2;100;0;8cf2a7d56a
63844230447749;1396177;2;100;0;8cf2a7d56a
63844230448049;1396510;2;100;0;8cf2a7d56a
63844230448683;1396910;2;100;0;8cf2a7d56a
63844230448749;1397177;2;100;0;8cf2a7d56a
63844230449082;1397510;2;100;0;8cf2a7d56a
63844230449382;1397843;2;100;0;8cf2a7d56a
63844230449783;1398243;2;100;0;8cf2a7d56a
63844230450082;1398510;2;100;0;8cf2a7d56a
63844230450416;1398843;2;100;0;8cf2a7d56a
63844230450983;1399243;2;100;0;8cf2a7d56a
63844230451149;1399576;2;100;0;8cf2a7d56a
63844230451416;1399843;2;100;0;8cf2a7d56a
63844230451715;1400176;2;100;0;8cf2a7d56a
63844230452182;1400576;2;100;0;8cf2a7d56a
63844230452449;1400843;2;100;0;8cf2a7d56a
63844230452749;1401176;2;100;0;8cf2a7d56a
63844230453382;1401509;2;100;0;8cf2a7d56a
63844230453482;1401909;2;100;0;8cf2a7d56a
63844230453749;1402176;2;100;0;8cf2a7d56a
63844230454049;1402509;2;100;0;8cf2a7d56a
63844230454482;1402909;2;100;0;8cf2a7d56a
63844230454782;1403176;2;100;0;8cf2a7d56a
63844230455082;1403509;2;100;0;8cf2a7d56a
63844230455784;1403843;2;100;0;8cf2a7d56a
63844230455883;1404242;2;100;0;8cf2a7d56a
63844230456116;1404509;2;100;0;8cf2a7d56a
63844230456416;1404842;2;100;0;8cf2a7d56a
63844230456816;1405242;2;100;0;8cf2a7d56a
63844230457116;1405576;2;100;0;8cf2a7d56a
63844230457415;1405842;2;100;0;8cf2a7d56a
63844230457716;1406176;2;100;0;8cf2a7d56a
63844230458283;1406576;2;100;0;8cf2a7d56a
63844230458449;1406842;2;100;0;8cf2a7d56a
63844230458749;1407176;2;100;0;8cf2a7d56a
63844230459049;1407509;2;100;0;8cf2a7d56a
63844230459449;1407909;2;100;0;8cf2a7d56a
63844230459749;1408176;2;100;0;8cf2a7d56a
63844230460082;1408509;2;100;0;8cf2a7d56a
63844230460616;1408909;2;100;0;8cf2a7d56a
63844230460782;1409242;2;100;0;8cf2a7d56a
63844230461082;1409509;2;100;0;8cf2a7d56a
63844230461382;1409842;2;100;0;8cf2a7d56a
63844230461915;1410308;2;100;0;8cf2a7d56a
63844230462149;1410509;2;100;0;8cf2a7d56a
63844230462415;1410842;2;100;0;8cf2a7d56a
63844230462982;1411175;2;100;0;8cf2a7d56a
63844230463149;1411575;2;100;0;8cf2a7d56a
63844230463415;1411842;2;100;0;8cf2a7d56a
63844230463749;1412175;2;100;0;8cf2a7d56a
63844230464082;1412509;2;100;0;8cf2a7d56a
63844230464382;1412842;2;100;0;8cf2a7d56a
63844230464782;1413242;2;100;0;8cf2a7d56a
63844230465482;1413508;2;100;0;8cf2a7d56a
63844230465483;1413842;2;100;0;8cf2a7d56a
63844230465849;1414241;2;100;0;8cf2a7d56a
63844230466049;1414508;2;100;0;8cf2a7d56a
63844230466449;1414908;2;100;0;8cf2a7d56a
63844230466782;1415175;2;100;0;8cf2a7d56a
63844230467083;1415508;2;100;0;8cf2a7d56a
63844230467382;1415841;2;100;0;8cf2a7d56a
63844230467883;1416241;2;100;0;8cf2a7d56a
63844230468182;1416575;2;100;0;8cf2a7d56a
63844230468449;1416908;2;100;0;8cf2a7d56a
63844230468749;1417175;2;100;0;8cf2a7d56a
63844230469049;1417508;2;100;0;8cf2a7d56a
63844230469449;1417908;2;100;0;8cf2a7d56a
63844230469782;1418174;2;100;0;8cf2a7d56a
63844230470282;1418574;2;100;0;8cf2a7d56a
63844230470416;1418841;2;100;0;8cf2a7d56a
63844230470782;1419174;2;100;0;8cf2a7d56a
63844230471182;1419574;2;100;0;8cf2a7d56a
63844230471449;1419841;2;100;0;8cf2a7d56a
63844230471748;1420174;2;100;0;8cf2a7d56a
63844230472082;1420508;2;100;0;8cf2a7d56a
63844230472649;1420841;2;100;0;8cf2a7d56a
63844230472815;1421241;2;100;0;8cf2a7d56a
63844230473182;1421574;2;100;0;8cf2a7d56a
63844230473415;1421841;2;100;0;8cf2a7d56a
63844230473749;1422174;2;100;0;8cf2a7d56a
63844230474049;1422507;2;100;0;8cf2a7d56a
63844230474382;1422841;2;100;0;8cf2a7d56a
63844230475049;1423241;2;100;0;8cf2a7d56a
63844230475082;1423507;2;100;0;8cf2a7d56a
63844230475415;1423841;2;100;0;8cf2a7d56a
63844230475815;1424240;2;100;0;8cf2a7d56a
63844230476315;1424707;2;100;0;8cf2a7d56a
63844230476615;1425040;2;100;0;8cf2a7d56a
63844230476782;1425241;2;100;0;8cf2a7d56a
63844230477415;1425507;2;100;0;8cf2a7d56a
63844230477416;1425840;2;100;0;8cf2a7d56a
63844230477815;1426240;2;100;0;8cf2a7d56a
63844230478115;1426574;2;100;0;8cf2a7d56a
63844230478415;1426840;2;100;0;8cf2a7d56a
63844230478715;1427174;2;100;0;8cf2a7d56a
63844230479182;1427573;2;100;0;8cf2a7d56a
63844230479815;1427840;2;100;0;8cf2a7d56a
63844230479916;1428173;2;100;0;8cf2a7d56a
63844230480182;1428573;2;100;0;8cf2a7d56a
63844230480449;1428907;2;100;0;8cf2a7d56a
63844230480748;1429173;2;100;0;8cf2a7d56a
63844230481048;1429507;2;100;0;8cf2a7d56a
63844230481448;1429907;2;100;0;8cf2a7d56a
63844230481782;1430173;2;100;0;8cf2a7d56a
63844230482315;1430506;2;100;0;8cf2a7d56a
63844230482382;1430840;2;100;0;8cf2a7d56a
63844230482781;1431240;2;100;0;8cf2a7d56a
63844230483115;1431507;2;100;0;8cf2a7d56a
63844230483415;1431840;2;100;0;8cf2a7d56a
63844230483715;1432173;2;100;0;8cf2a7d56a
63844230484115;1432573;2;100;0;8cf2a7d56a
63844230484782;1432840;2;100;0;8cf2a7d56a
63844230484816;1433173;2;100;0;8cf2a7d56a
63844230485182;1433573;2;100;0;8cf2a7d56a
63844230485515;1433906;2;100;0;8cf2a7d56a
63844230485715;1434173;2;100;0;8cf2a7d56a
63844230486181;1434573;2;100;0;8cf2a7d56a
63844230486415;1434839;2;100;0;8cf2a7d56a
63844230487015;1435173;2;100;0;8cf2a7d56a
63844230487181;1435573;2;100;0;8cf2a7d56a
63844230487448;1435906;2;100;0;8cf2a7d56a
63844230487782;1436173;2;100;0;8cf2a7d56a
63844230488048;1436506;2;100;0;8cf2a7d56a
63844230488448;1436906;2;100;0;8cf2a7d56a
63844230488748;1437172;2;100;0;8cf2a7d56a
63844230489415;1437506;2;100;0;8cf2a7d56a
63844230489515;1437839;2;100;0;8cf2a7d56a
63844230489782;1438239;2;100;0;8cf2a7d56a
63844230490083;1438506;2;100;0;8cf2a7d56a
63844230490382;1438839;2;100;0;8cf2a7d56a
63844230490815;1439239;2;100;0;8cf2a7d56a
63844230491115;1439506;2;100;0;8cf2a7d56a
63844230491948;1439839;2;100;0;8cf2a7d56a
63844230491948;1440172;2;100;0;8cf2a7d56a
63844230492148;1440572;2;100;0;8cf2a7d56a
63844230492481;1440839;2;100;0;8cf2a7d56a
63844230492748;1441172;2;100;0;8cf2a7d56a
63844230493082;1441505;2;100;0;8cf2a7d56a
63844230493515;1441905;2;100;0;8cf2a7d56a
63844230493781;1442172;2;100;0;8cf2a7d56a
63844230494349;1442505;2;100;0;8cf2a7d56a
63844230494416;1442839;2;100;0;8cf2a7d56a
63844230494748;1443172;2;100;0;8cf2a7d56a
63844230495148;1443572;2;100;0;8cf2a7d56a
63844230495448;1443839;2;100;0;8cf2a7d56a
63844230495815;1444239;2;100;0;8cf2a7d56a
63844230496115;1444505;2;100;0;8cf2a7d56a
63844230496650;1444838;2;100;0;8cf2a7d56a
63844230496815;1445172;2;100;0;8cf2a7d56a
63844230497148;1445572;2;100;0;8cf2a7d56a
63844230497415;1445838;2;100;0;8cf2a7d56a
63844230497715;1446172;2;100;0;8cf2a7d56a
63844230498182;1446572;2;100;0;8cf2a7d56a
63844230498449;1446838;2;100;0;8cf2a7d56a
63844230499049;1447172;2;100;0;8cf2a7d56a
63844230499049;1447505;2;100;0;8cf2a7d56a
63844230499448;1447905;2;100;0;8cf2a7d56a
63844230499748;1448171;2;100;0;8cf2a7d56a
63844230500048;1448505;2;100;0;8cf2a7d56a
63844230500481;1448905;2;100;0;8cf2a7d56a
63844230500848;1449305;2;100;0;8cf2a7d56a
63844230501448;1449505;2;100;0;8cf2a7d56a
63844230501515;1449905;2;100;0;8cf2a7d56a
63844230501782;1450238;2;100;0;8cf2a7d56a
63844230502081;1450505;2;100;0;8cf2a7d56a
63844230502414;1450838;2;100;0;8cf2a7d56a
63844230502781;1451238;2;100;0;8cf2a7d56a
63844230503115;1451505;2;100;0;8cf2a7d56a
63844230503381;1451838;2;100;0;8cf2a7d56a
63844230503948;1452238;2;100;0;8cf2a7d56a
63844230504148;1452571;2;100;0;8cf2a7d56a
63844230504415;1452838;2;100;0;8cf2a7d56a
63844230504715;1453171;2;100;0;8cf2a7d56a
63844230505148;1453571;2;100;0;8cf2a7d56a
63844230505414;1453838;2;100;0;8cf2a7d56a
63844230505748;1454171;2;100;0;8cf2a7d56a
63844230506282;1454504;2;100;0;8cf2a7d56a
63844230506414;1454838;2;100;0;8cf2a7d56a
63844230506715;1455171;2;100;0;8cf2a7d56a
63844230507115;1455571;2;100;0;8cf2a7d56a
63844230507414;1455837;2;100;0;8cf2a7d56a
63844230507748;1456171;2;100;0;8cf2a7d56a
63844230508048;1456504;2;100;0;8cf2a7d56a
63844230508648;1456904;2;100;0;8cf2a7d56a
63844230508814;1457170;2;100;0;8cf2a7d56a
63844230509048;1457504;2;100;0;8cf2a7d56a
63844230509481;1457904;2;100;0;8cf2a7d56a
63844230509781;1458170;2;100;0;8cf2a7d56a
63844230510082;1458504;2;100;0;8cf2a7d56a
63844230510382;1458837;2;100;0;8cf2a7d56a
63844230511081;1459237;2;100;0;8cf2a7d56a
63844230511115;1459504;2;100;0;8cf2a7d56a
63844230511415;1459837;2;100;0;8cf2a7d56a
63844230511748;1460170;2;100;0;8cf2a7d56a
63844230512115;1460570;2;100;0;8cf2a7d56a
63844230512450;1460837;2;100;0;8cf2a7d56a
63844230512781;1461170;2;100;0;8cf2a7d56a
63844230513048;1461503;2;100;0;8cf2a7d56a
63844230513548;1461903;2;100;0;8cf2a7d56a
63844230513748;1462170;2;100;0;8cf2a7d56a
63844230514048;1462503;2;100;0;8cf2a7d56a
63844230514381;1462837;2;100;0;8cf2a7d56a
63844230514781;1463237;2;100;0;8cf2a7d56a
63844230515082;1463503;2;100;0;8cf2a7d56a
63844230515381;1463837;2;100;0;8cf2a7d56a
63844230515981;1464236;2;100;0;8cf2a7d56a
63844230516215;1464636;2;100;0;8cf2a7d56a
63844230516414;1464836;2;100;0;8cf2a7d56a
63844230516714;1465170;2;100;0;8cf2a7d56a
63844230517114;1465570;2;100;0;8cf2a7d56a
63844230517414;1465836;2;100;0;8cf2a7d56a
63844230517714;1466170;2;100;0;8cf2a7d56a
63844230518281;1466570;-2;100;0;8cf2a7d56a
63844230518448;1466903;-2;100;0;8cf2a7d56a
63844230518747;1467170;-2;100;0;8cf2a7d56a
63844230519048;1467503;-2;100;0;8cf2a7d56a
63844230519448;1467903;-2;100;0;8cf2a7d56a
63844230519781;1468169;-2;100;0;8cf2a7d56a
63844230520081;1468503;-2;100;0;8cf2a7d56a
63844230520782;1468836;-2;100;0;8cf2a7d56a
63844230520783;1469236;-2;100;0;8cf2a7d56a
63844230521081;1469503;-2;100;0;8cf2a7d56a
63844230521382;1469836;-2;100;0;8cf2a7d56a
63844230521781;1470236;-2;100;0;8cf2a7d56a
63844230522081;1470503;-2;100;0;8cf2a7d56a
63844230522415;1470836;-2;100;0;8cf2a7d56a
63844230523048;1471169;-2;100;0;8cf2a7d56a
63844230523115;1471569;-2;100;0;8cf2a7d56a
63844230523414;1471836;-2;100;0;8cf2a7d56a
63844230523814;1472169;-2;100;0;8cf2a7d56a
63844230524181;1472569;-2;100;0;8cf2a7d56a
63844230524447;1472902;-2;100;0;8cf2a7d56a
63844230524747;1473169;-2;100;0;8cf2a7d56a
63844230525048;1473502;-2;100;0;8cf2a7d56a
63844230525548;1473902;-2;100;0;8cf2a7d56a
63844230525781;1474169;-2;100;0;8cf2a7d56a
63844230526114;1474569;-2;100;0;8cf2a7d56a
63844230526481;1474902;-2;100;0;8cf2a7d56a
63844230526715;1475169;-2;100;0;8cf2a7d56a
63844230527181;1475569;-2;100;0;8cf2a7d56a
63844230527414;1475835;-2;100;0;8cf2a7d56a
63844230527881;1476169;-2;100;0;8cf2a7d56a
63844230528181;1476569;-2;100;0;8cf2a7d56a
63844230528447;1476835;-2;100;0;8cf2a7d56a
63844230528748;1477169;-2;100;0;8cf2a7d56a
63844230529047;1477502;-2;100;0;8cf2a7d56a
63844230529448;1477902;-2;100;0;8cf2a7d56a
63844230529748;1478168;-2;100;0;8cf2a7d56a
63844230530381;1478502;-2;100;0;8cf2a7d56a
63844230530481;1478902;-2;100;0;8cf2a7d56a
63844230530781;1479235;-2;100;0;8cf2a7d56a
63844230531081;1479502;-2;100;0;8cf2a7d56a
63844230531381;1479835;-2;100;0;8cf2a7d56a
63844230531814;1480235;-2;100;0;8cf2a7d56a
63844230532114;1480568;-2;100;0;8cf2a7d56a
63844230532681;1480835;-2;100;0;8cf2a7d56a
63844230532714;1481168;-2;100;0;8cf2a7d56a
63844230533181;1481568;-2;100;0;8cf2a7d56a
63844230533447;1481901;-2;100;0;8cf2a7d56a
63844230533748;1482168;3;100;0;8cf2a7d56a
63844230534047;1482501;3;100;0;8cf2a7d56a
63844230534447;1482901;3;100;0;8cf2a7d56a
63844230535081;1483168;3;100;0;8cf2a7d56a
63844230535081;1483501;3;100;0;8cf2a7d56a
63844230535481;1483901;3;100;0;8cf2a7d56a
63844230535781;1484234;3;100;0;8cf2a7d56a
63844230536081;1484501;3;100;0;8cf2a7d56a
63844230536381;1484834;3;100;0;8cf2a7d56a
63844230536747;1485168;3;100;0;8cf2a7d56a
63844230537047;1485501;3;100;0;8cf2a7d56a
63844230537514;1485901;3;100;0;8cf2a7d56a
63844230537748;1486168;3;100;0;8cf2a7d56a
63844230538047;1486501;3;100;0;8cf2a7d56a
63844230538448;1486901;3;100;0;8cf2a7d56a
63844230538747;1487168;3;100;0;8cf2a7d56a
63844230539081;1487501;3;100;0;8cf2a7d56a
63844230539381;1487834;3;100;0;8cf2a7d56a
63844230540015;1488234;3;100;0;8cf2a7d56a
63844230540081;1488501;3;100;0;8cf2a7d56a
63844230540381;1488834;3;100;0;8cf2a7d56a
63844230540781;1489234;3;100;0;8cf2a7d56a
63844230541114;1489501;3;100;0;8cf2a7d56a
63844230541414;1489834;3;100;0;8cf2a7d56a
63844230541714;1490167;3;100;0;8cf2a7d56a
63844230542381;1490500;3;100;0;8cf2a7d56a
63844230542383;1490834;3;100;0;8cf2a7d56a
63844230542814;1491234;3;100;0;8cf2a7d56a
63844230543147;1491500;3;100;0;8cf2a7d56a
63844230543414;1491834;3;100;0;8cf2a7d56a
63844230543714;1492167;3;100;0;8cf2a7d56a
63844230544114;1492567;3;100;0;8cf2a7d56a
63844230544848;1492834;3;100;0;8cf2a7d56a
63844230544849;1493167;3;100;0;8cf2a7d56a
63844230545180;1493567;3;100;0;8cf2a7d56a
63844230545447;1493900;3;100;0;8cf2a7d56a
63844230545747;1494167;3;100;0;8cf2a7d56a
63844230546047;1494500;3;100;0;8cf2a7d56a
63844230546447;1494900;3;100;0;8cf2a7d56a
63844230547114;1495167;3;100;0;8cf2a7d56a
63844230547114;1495500;3;100;0;8cf2a7d56a
63844230547380;1495833;3;100;0;8cf2a7d56a
63844230547781;1496233;3;100;0;8cf2a7d56a
63844230548080;1496500;3;100;0;8cf2a7d56a
63844230548414;1496833;3;100;0;8cf2a7d56a
63844230548714;1497167;3;100;0;8cf2a7d56a
63844230549514;1497566;3;100;0;8cf2a7d56a
63844230549515;1497833;3;100;0;8cf2a7d56a
63844230549747;1498166;3;100;0;8cf2a7d56a
63844230550047;1498500;3;100;0;8cf2a7d56a
63844230550447;1498900;3;100;0;8cf2a7d56a
63844230550747;1499166;3;100;0;8cf2a7d56a
63844230551047;1499500;3;100;0;8cf2a7d56a
63844230551447;1499900;3;100;0;8cf2a7d56a
63844230551981;1500233;3;100;0;8cf2a7d56a
63844230552214;1500566;3;100;0;8cf2a7d56a
63844230552381;1500833;3;100;0;8cf2a7d56a
63844230552781;1501233;3;100;0;8cf2a7d56a
63844230553081;1501499;3;100;0;8cf2a7d56a
63844230553380;1501833;3;100;0;8cf2a7d56a
63844230553781;1502233;3;100;0;8cf2a7d56a
63844230554447;1502566;3;100;0;8cf2a7d56a
63844230554714;1503166;3;100;0;8cf2a7d56a
63844230555114;1503566;3;100;0;8cf2a7d56a
63844230555414;1503832;3;100;0;8cf2a7d56a
63844230555714;1504166;3;100;0;8cf2a7d56a
63844230556047;1504499;3;100;0;8cf2a7d56a
63844230556780;1504899;3;100;0;8cf2a7d56a
63844230556781;1505166;3;100;0;8cf2a7d56a
63844230557047;1505499;3;100;0;8cf2a7d56a
63844230557447;1505899;3;100;0;8cf2a7d56a
63844230557780;1506232;3;100;0;8cf2a7d56a
63844230558114;1506566;3;100;0;8cf2a7d56a
63844230558413;1506832;3;100;0;8cf2a7d56a
63844230559113;1507166;3;100;0;8cf2a7d56a
63844230559114;1507565;3;100;0;8cf2a7d56a
63844230559414;1507832;3;100;0;8cf2a7d56a
63844230559747;1508165;3;100;0;8cf2a7d56a
63844230560180;1508565;3;100;0;8cf2a7d56a
63844230560447;1508899;3;100;0;8cf2a7d56a
63844230560747;1509165;3;100;0;8cf2a7d56a
63844230561047;1509499;3;100;0;8cf2a7d56a
63844230561514;1509899;3;100;0;8cf2a7d56a
63844230561747;1510165;3;100;0;8cf2a7d56a
63844230562080;1510499;3;100;0;8cf2a7d56a
63844230562447;1510899;3;100;0;8cf2a7d56a
63844230562780;1511232;3;100;0;8cf2a7d56a
63844230563080;1511498;3;100;0;8cf2a7d56a
63844230563380;1511832;3;100;0;8cf2a7d56a
63844230563981;1512232;3;100;0;8cf2a7d56a
63844230564082;1512498;3;100;0;8cf2a7d56a
63844230564413;1512832;3;100;0;8cf2a7d56a
63844230564714;1513165;3;100;0;8cf2a7d56a
63844230565113;1513565;3;100;0;8cf2a7d56a
63844230565414;1513832;3;100;0;8cf2a7d56a
63844230565714;1514165;3;100;0;8cf2a7d56a
63844230566348;1514565;3;100;0;8cf2a7d56a
63844230566447;1514832;3;100;0;8cf2a7d56a
63844230566747;1515165;3;100;0;8cf2a7d56a
63844230567047;1515498;3;100;0;8cf2a7d56a
63844230567514;1515965;3;100;0;8cf2a7d56a
63844230567714;1516165;3;100;0;8cf2a7d56a
63844230568114;1516565;3;100;0;8cf2a7d56a
63844230568747;1516831;3;100;0;8cf2a7d56a
63844230568748;1517165;3;100;0;8cf2a7d56a
63844230569180;1517564;3;100;0;8cf2a7d56a
63844230569414;1517831;3;100;0;8cf2a7d56a
63844230569747;1518164;3;100;0;8cf2a7d56a
63844230570047;1518498;3;100;0;8cf2a7d56a
63844230570446;1518898;3;100;0;8cf2a7d56a
63844230571247;1519164;3;100;0;8cf2a7d56a
63844230571247;1519498;3;100;0;8cf2a7d56a
63844230571380;1519831;3;100;0;8cf2a7d56a
63844230571780;1520231;3;100;0;8cf2a7d56a
63844230572080;1520498;3;100;0;8cf2a7d56a
63844230572380;1520831;3;100;0;8cf2a7d56a
63844230572747;1521164;3;100;0;8cf2a7d56a
63844230573047;1521497;3;100;0;8cf2a7d56a
63844230573547;1521897;3;100;0;8cf2a7d56a
63844230573780;1522231;3;100;0;8cf2a7d56a
63844230574080;1522497;3;100;0;8cf2a7d56a
63844230574380;1522831;3;100;0;8cf2a7d56a
63844230574780;1523231;3;100;0;8cf2a7d56a
63844230575114;1523497;3;100;0;8cf2a7d56a
63844230575413;1523831;3;100;0;8cf2a7d56a
63844230575947;1524164;-3;100;0;8cf2a7d56a
63844230576180;1524564;-3;100;0;8cf2a7d56a
63844230576413;1524830;-3;100;0;8cf2a7d56a
63844230576713;1525164;-3;100;0;8cf2a7d56a
63844230577113;1525564;-3;100;0;8cf2a7d56a
63844230577414;1525830;-3;100;0;8cf2a7d56a
63844230577747;1526164;-3;100;0;8cf2a7d56a
63844230578347;1526497;-3;100;0;8cf2a7d56a
63844230578480;1526897;-3;100;0;8cf2a7d56a
63844230578747;1527163;-3;100;0;8cf2a7d56a
63844230579047;1527497;-3;100;0;8cf2a7d56a
63844230579380;1527830;-3;100;0;8cf2a7d56a
63844230579780;1528230;-3;100;0;8cf2a7d56a
63844230580081;1528497;-3;100;0;8cf2a7d56a
63844230580747;1528830;-3;100;0;8cf2a7d56a
63844230580880;1529230;-3;100;0;8cf2a7d56a
63844230581247;1529563;-3;100;0;8cf2a7d56a
63844230581413;1529830;-3;100;0;8cf2a7d56a
63844230581713;1530163;-3;100;0;8cf2a7d56a
63844230582113;1530563;-3;100;0;8cf2a7d56a
63844230582413;1530830;-3;100;0;8cf2a7d56a
63844230583147;1531163;-3;100;0;8cf2a7d56a
63844230583147;1531496;-3;100;0;8cf2a7d56a
63844230583413;1531830;-3;100;0;8cf2a7d56a
63844230583713;1532163;-3;100;0;8cf2a7d56a
63844230584180;1532563;-3;100;0;8cf2a7d56a
63844230584413;1532830;-3;100;0;8cf2a7d56a
63844230584713;1533163;-3;100;0;8cf2a7d56a
63844230585180;1533563;-3;100;0;8cf2a7d56a
63844230585547;1533830;-3;100;0;8cf2a7d56a
63844230585746;1534163;-3;100;0;8cf2a7d56a
63844230586047;1534496;-3;100;0;8cf2a7d56a
63844230586446;1534896;-3;100;0;8cf2a7d56a
63844230586747;1535163;-3;100;0;8cf2a7d56a
63844230587046;1535496;-3;100;0;8cf2a7d56a
63844230587480;1535896;-3;100;0;8cf2a7d56a
63844230588047;1536229;-3;100;0;8cf2a7d56a
63844230588047;1536496;-3;100;0;8cf2a7d56a
