Time_in_ms;EmotiBit_timestamp;Round_number;Reliability;SCR_amplitude_raw;User_ID
63844294232316;5293190;0;100;2,7E-05;c70877f17a
63844294232915;5293590;0;100;1,9E-05;c70877f17a
63844294235715;5296589;0;100;9E-06;c70877f17a
63844294236416;5297189;0;100;5,4E-05;c70877f17a
63844294237949;5298389;0;100;7,9E-05;c70877f17a
63844294239048;5299523;0;100;9,2E-05;c70877f17a
63844294240149;5300589;0;100;4,6E-05;c70877f17a
63844294241782;5302589;0;100;2E-05;c70877f17a
63844294242482;5303189;0;100;4E-05;c70877f17a
63844294242815;5303922;0;100;8E-06;c70877f17a
63844294242982;5304122;0;100;6E-06;c70877f17a
63844294243615;5304322;0;100;6E-05;c70877f17a
63844294245015;5305389;0;100;7,2E-05;c70877f17a
63844294245549;5306188;0;100;0,000131;c70877f17a
63844294247215;5307322;0;100;0,000102;c70877f17a
63844294247216;5308255;0;100;1,1E-05;c70877f17a
63844294248548;5309389;0;100;3,9E-05;c70877f17a
63844294248748;5309855;0;100;8E-06;c70877f17a
63844294250148;5310322;0;100;6E-05;c70877f17a
63844294250482;5311388;0;100;2,6E-05;c70877f17a
63844294252249;5313122;0;100;8,9E-05;c70877f17a
63844294253481;5314255;0;100;4,6E-05;c70877f17a
63844294253882;5314788;0;100;4,6E-05;c70877f17a
63844294254482;5315121;0;100;0,00013;c70877f17a
63844294255248;5316254;0;100;2E-06;c70877f17a
63844294255481;5316454;0;100;1,2E-05;c70877f17a
63844294256815;5317188;0;100;1,8E-05;c70877f17a
63844294256982;5317788;0;100;3,9E-05;c70877f17a
63844294257415;5318254;0;100;4,3E-05;c70877f17a
63844294257948;5318721;0;100;5E-05;c70877f17a
63844294258181;5319187;0;100;9E-06;c70877f17a
63844294258748;5319654;0;100;2,4E-05;c70877f17a
63844294259349;5320120;0;100;3E-06;c70877f17a
63844294260282;5320854;0;100;3,9E-05;c70877f17a
63844294260482;5321587;0;100;6E-06;c70877f17a
63844294260882;5321920;0;100;1,4E-05;c70877f17a
63844294261615;5322320;0;100;4,3E-05;c70877f17a
63844294262082;5323120;0;100;9E-06;c70877f17a
63844294262381;5323387;0;100;1,5E-05;c70877f17a
63844294262915;5323720;0;100;5,5E-05;c70877f17a
63844294263215;5324187;0;100;3,9E-05;c70877f17a
63844294264215;5325053;0;100;5,4E-05;c70877f17a
63844294264648;5325586;0;100;4,1E-05;c70877f17a
63844294265248;5326320;0;100;4E-06;c70877f17a
63844294265549;5326520;0;100;1,3E-05;c70877f17a
63844294265748;5326786;0;100;1E-06;c70877f17a
63844294266748;5327120;0;100;8,5E-05;c70877f17a
63844294267214;5328320;0;100;9E-06;c70877f17a
63844294268148;5328920;0;100;5,1E-05;c70877f17a
63844294268815;5329520;0;100;1,1E-05;c70877f17a
63844294269016;5329986;0;100;1,4E-05;c70877f17a
63844294269881;5330253;0;100;0,000117;c70877f17a
63844294271248;5331119;0;100;0,000154;c70877f17a
63844294271249;5332252;0;100;1,1E-05;c70877f17a
63844294271615;5332452;0;100;7,4E-05;c70877f17a
63844294274548;5335452;0;100;2,3E-05;c70877f17a
63844294274948;5335852;0;100;0,000284;c70877f17a
63844294278448;5338852;0;100;1,8E-05;c70877f17a
63844294278548;5339585;0;100;1,1E-05;c70877f17a
63844294279248;5339919;0;100;5,4E-05;c70877f17a
63844294279781;5340852;0;100;1,1E-05;c70877f17a
63844294280982;5341585;0;100;6,1E-05;c70877f17a
63844294281815;5342918;0;100;8E-06;c70877f17a
63844294282781;5343651;0;100;4,4E-05;c70877f17a
63844294283715;5344718;0;100;7E-06;c70877f17a
63844294284114;5344985;0;100;0,000184;c70877f17a
63844294285714;5346718;0;100;9E-06;c70877f17a
63844294285914;5346984;0;100;0,00011;c70877f17a
63844294287148;5348184;0;100;7E-06;c70877f17a
63844294288047;5348584;0;100;1,4E-05;c70877f17a
63844294288082;5348917;0;100;1,3E-05;c70877f17a
63844294288814;5349585;0;100;5,2E-05;c70877f17a
63844294289448;5350518;0;100;4E-06;c70877f17a
63844294290548;5350984;0;100;8,5E-05;c70877f17a
63844294291448;5352451;0;100;5,5E-05;c70877f17a
63844294292981;5353651;0;100;4,8E-05;c70877f17a
63844294293747;5354250;0;100;7,4E-05;c70877f17a
63844294294381;5355184;0;100;0,00038;c70877f17a
63844294295348;5356317;0;100;7E-06;c70877f17a
63844294296281;5357250;0;100;1,3E-05;c70877f17a
63844294296781;5357717;0;100;1,1E-05;c70877f17a
63844294297781;5358050;1;100;8,7E-05;c70877f17a
63844294297814;5358784;1;100;1,8E-05;c70877f17a
63844294297981;5359050;1;100;6E-06;c70877f17a
63844294298881;5359784;1;100;3,8E-05;c70877f17a
63844294300215;5360850;1;100;5E-05;c70877f17a
63844294300931;5361650;1;100;8,6E-05;c70877f17a
63844294301214;5362183;1;100;2,4E-05;c70877f17a
63844294302615;5363183;1;100;2,9E-05;c70877f17a
63844294303414;5364183;1;100;2,2E-05;c70877f17a
63844294303614;5364716;1;100;3E-06;c70877f17a
63844294304348;5364917;1;100;8,4E-05;c70877f17a
63844294304881;5365582;1;100;8,7E-05;c70877f17a
63844294306281;5366650;1;100;0,000106;c70877f17a
63844294306881;5367650;1;100;4,9E-05;c70877f17a
63844294307331;5368250;1;100;1,3E-05;c70877f17a
63844294307781;5368449;1;100;0,000152;c70877f17a
63844294308931;5369982;1;100;1,2E-05;c70877f17a
63844294311181;5371915;1;100;6,6E-05;c70877f17a
63844294312631;5372715;1;100;0,000187;c70877f17a
63844294313381;5374382;1;100;4E-06;c70877f17a
63844294313831;5374848;1;100;9E-06;c70877f17a
63844294316031;5376915;1;100;2,5E-05;c70877f17a
63844294316981;5377448;1;100;2,7E-05;c70877f17a
63844294316981;5377915;1;100;4E-06;c70877f17a
63844294317248;5378115;1;100;2,3E-05;c70877f17a
63844294317648;5378648;1;100;2,7E-05;c70877f17a
63844294317848;5378915;1;100;8E-06;c70877f17a
63844294318581;5379248;1;100;5,4E-05;c70877f17a
63844294319781;5380782;1;100;2,2E-05;c70877f17a
63844294320131;5381114;1;100;1E-05;c70877f17a
63844294321680;5381714;1;100;0,000265;c70877f17a
63844294324664;5385648;1;100;6E-06;c70877f17a
63844294324881;5385914;1;100;1,3E-05;c70877f17a
63844294325197;5386247;1;100;5E-06;c70877f17a
63844294325381;5386447;1;100;6E-06;c70877f17a
63844294328130;5388580;1;100;8,5E-05;c70877f17a
63844294329731;5389847;1;100;0,000272;c70877f17a
63844294333697;5394246;1;100;3,4E-05;c70877f17a
63844294334030;5395046;1;100;1,1E-05;c70877f17a
63844294334748;5395314;1;100;4,1E-05;c70877f17a
63844294335264;5395913;1;100;0,000188;c70877f17a
63844294337397;5398446;1;100;1,4E-05;c70877f17a
63844294337981;5398980;1;100;2E-05;c70877f17a
63844294338530;5399312;1;100;5,4E-05;c70877f17a
63844294338830;5399780;1;100;3E-05;c70877f17a
63844294339630;5400646;1;100;6E-06;c70877f17a
63844294339897;5400980;1;100;8E-06;c70877f17a
63844294340230;5401180;1;100;1,5E-05;c70877f17a
63844294341164;5401446;1;100;3,6E-05;c70877f17a
63844294341164;5401913;1;100;1,7E-05;c70877f17a
63844294341530;5402513;1;100;7E-06;c70877f17a
63844294342331;5403179;1;100;4,2E-05;c70877f17a
63844294342663;5403779;1;100;1,3E-05;c70877f17a
63844294343364;5403979;1;100;9,9E-05;c70877f17a
63844294344797;5405845;1;100;1,4E-05;c70877f17a
63844294345730;5406645;-1;100;4E-06;c70877f17a
63844294345930;5406912;-1;100;1,4E-05;c70877f17a
63844294346230;5407178;-1;100;0,00021;c70877f17a
63844294348130;5408846;-1;100;2,9E-05;c70877f17a
63844294348330;5409311;-1;100;1E-05;c70877f17a
63844294348663;5409578;-1;100;2,9E-05;c70877f17a
63844294349465;5410445;-1;100;5E-06;c70877f17a
63844294351530;5412444;-1;100;0,000185;c70877f17a
63844294352997;5413912;-1;100;1,6E-05;c70877f17a
63844294353430;5414244;-1;100;4,5E-05;c70877f17a
63844294354197;5414778;-1;100;5,6E-05;c70877f17a
63844294354763;5415711;-1;100;2,2E-05;c70877f17a
63844294355563;5416445;-1;100;2,6E-05;c70877f17a
63844294355797;5416911;-1;100;6E-06;c70877f17a
63844294356064;5417111;-1;100;2,1E-05;c70877f17a
63844294356597;5417378;-1;100;6E-05;c70877f17a
63844294357730;5418178;-1;100;7,2E-05;c70877f17a
63844294358830;5419444;-1;100;9,5E-05;c70877f17a
63844294359463;5420444;-1;100;2,2E-05;c70877f17a
63844294360130;5421177;-1;100;1,7E-05;c70877f17a
63844294362564;5423110;-1;100;1,6E-05;c70877f17a
63844294362564;5423577;-1;100;5E-06;c70877f17a
63844294362996;5423777;-1;100;7,2E-05;c70877f17a
63844294363530;5424310;-1;100;5E-05;c70877f17a
63844294364230;5425243;-1;100;6E-06;c70877f17a
63844294364530;5425510;-1;100;4,3E-05;c70877f17a
63844294365164;5426110;2;100;3,1E-05;c70877f17a
63844294368297;5428909;2;100;6,2E-05;c70877f17a
63844294368597;5429576;2;100;1E-05;c70877f17a
63844294368797;5429843;2;100;4E-06;c70877f17a
63844294368997;5430043;2;100;1,7E-05;c70877f17a
63844294369763;5430309;2;100;6,8E-05;c70877f17a
63844294369996;5431043;2;100;6E-06;c70877f17a
63844294370496;5431377;2;100;2,4E-05;c70877f17a
63844294370896;5431909;2;100;1,6E-05;c70877f17a
63844294371496;5432309;2;100;6,1E-05;c70877f17a
63844294371763;5432776;2;100;4E-06;c70877f17a
63844294373130;5433910;2;100;9,4E-05;c70877f17a
63844294373431;5434509;2;100;1,1E-05;c70877f17a
63844294373762;5434776;2;100;2,8E-05;c70877f17a
63844294374062;5435109;2;100;1,9E-05;c70877f17a
63844294374563;5435443;2;100;2,8E-05;c70877f17a
63844294375262;5435975;2;100;0,000167;c70877f17a
63844294375796;5436842;2;100;3,4E-05;c70877f17a
63844294376396;5437109;2;100;4,3E-05;c70877f17a
63844294377097;5437776;2;100;2,6E-05;c70877f17a
63844294377396;5438176;2;100;4,1E-05;c70877f17a
63844294377830;5438709;2;100;7E-05;c70877f17a
63844294379396;5439642;2;100;0,000178;c70877f17a
63844294381797;5441908;2;100;0,00019;c70877f17a
63844294382796;5443908;2;100;6E-06;c70877f17a
63844294382996;5444108;2;100;1E-05;c70877f17a
63844294383497;5444575;2;100;1,1E-05;c70877f17a
63844294384730;5445708;2;100;6E-06;c70877f17a
63844294385062;5445974;2;100;4,9E-05;c70877f17a
63844294386896;5447708;2;100;1,4E-05;c70877f17a
63844294387596;5448175;2;100;7,4E-05;c70877f17a
63844294387896;5448841;2;100;2,1E-05;c70877f17a
63844294389329;5449708;2;100;0,000189;c70877f17a
63844294389730;5450708;2;100;4,3E-05;c70877f17a
63844294392830;5453840;2;100;2E-06;c70877f17a
63844294393797;5454707;2;100;5E-06;c70877f17a
63844294394462;5455041;2;100;0,000204;c70877f17a
63844294395462;5456441;2;100;3,3E-05;c70877f17a
63844294396596;5457507;2;100;2,3E-05;c70877f17a
63844294398597;5459440;2;100;0,000113;c70877f17a
63844294399862;5460906;2;100;9E-06;c70877f17a
63844294400162;5461173;2;100;9E-06;c70877f17a
63844294400562;5461639;2;100;1,1E-05;c70877f17a
63844294401130;5461973;2;100;3,4E-05;c70877f17a
63844294401796;5462307;2;100;0,000223;c70877f17a
63844294403497;5463840;2;100;7,5E-05;c70877f17a
63844294404029;5464573;2;100;0,000105;c70877f17a
63844294405962;5466040;2;100;0,000177;c70877f17a
63844294407762;5468505;2;100;6,1E-05;c70877f17a
63844294410896;5471705;2;100;6,1E-05;c70877f17a
63844294411262;5472238;2;100;2,7E-05;c70877f17a
63844294412229;5472706;2;100;0,000246;c70877f17a
63844294413896;5474638;2;100;7E-05;c70877f17a
63844294414395;5475172;2;100;0,000136;c70877f17a
63844294415729;5476638;2;100;3,7E-05;c70877f17a
63844294416162;5477105;2;100;4E-05;c70877f17a
63844294418762;5479638;2;100;5,2E-05;c70877f17a
63844294419262;5480304;2;100;1,3E-05;c70877f17a
63844294419829;5480772;2;100;1,4E-05;c70877f17a
63844294420496;5481238;2;100;0,000174;c70877f17a
63844294421629;5482037;2;100;0,000198;c70877f17a
63844294421829;5482905;2;100;1,6E-05;c70877f17a
63844294422829;5483905;-2;100;1E-05;c70877f17a
63844294425595;5486571;-2;100;8,2E-05;c70877f17a
63844294426696;5487704;-2;100;9E-05;c70877f17a
63844294427462;5488104;-2;100;6,9E-05;c70877f17a
63844294427829;5488704;-2;100;6E-06;c70877f17a
63844294429262;5490237;-2;100;1,3E-05;c70877f17a
63844294429862;5490504;-2;100;2,7E-05;c70877f17a
63844294429862;5490770;-2;100;4E-05;c70877f17a
63844294430729;5491170;-2;100;7,7E-05;c70877f17a
63844294431529;5492370;-2;100;9,6E-05;c70877f17a
63844294432562;5493503;-2;100;4,3E-05;c70877f17a
63844294432929;5493837;-2;100;5,6E-05;c70877f17a
63844294433729;5494637;-2;100;3E-06;c70877f17a
63844294434796;5495303;3;100;5,2E-05;c70877f17a
63844294435495;5496503;3;100;6,3E-05;c70877f17a
63844294435895;5496970;3;100;2E-06;c70877f17a
63844294436295;5497303;3;100;8E-05;c70877f17a
63844294437095;5497769;3;100;1,7E-05;c70877f17a
63844294437329;5498036;3;100;3,9E-05;c70877f17a
63844294437829;5498569;3;100;7,8E-05;c70877f17a
63844294438229;5499369;3;100;1,8E-05;c70877f17a
63844294439529;5499836;3;100;0,000118;c70877f17a
63844294439729;5500770;3;100;1E-06;c70877f17a
63844294440562;5501370;3;100;6,7E-05;c70877f17a
63844294441229;5502102;3;100;4,3E-05;c70877f17a
63844294442762;5503435;3;100;3,3E-05;c70877f17a
63844294443162;5504103;3;100;2,8E-05;c70877f17a
63844294443330;5504369;3;100;2,2E-05;c70877f17a
63844294443795;5504769;3;100;1,5E-05;c70877f17a
63844294444662;5505569;3;100;3E-05;c70877f17a
63844294445062;5506036;3;100;2,8E-05;c70877f17a
63844294445762;5506369;3;100;6,7E-05;c70877f17a
63844294446162;5507036;3;100;0,000118;c70877f17a
63844294446929;5507968;3;100;2,5E-05;c70877f17a
63844294447328;5508302;3;100;1,6E-05;c70877f17a
63844294447929;5508901;3;100;4,3E-05;c70877f17a
63844294449062;5509768;3;100;1,9E-05;c70877f17a
63844294449162;5510101;3;100;2,3E-05;c70877f17a
63844294450062;5510435;3;100;0,000194;c70877f17a
63844294450395;5511369;3;100;4,4E-05;c70877f17a
63844294450995;5511969;3;100;5,5E-05;c70877f17a
63844294454595;5515434;3;100;3,6E-05;c70877f17a
63844294454795;5515901;3;100;1,5E-05;c70877f17a
63844294455762;5516634;3;100;4E-05;c70877f17a
63844294456429;5517034;3;100;2,7E-05;c70877f17a
63844294456429;5517367;3;100;6E-06;c70877f17a
63844294457162;5517834;3;100;0,000103;c70877f17a
63844294457961;5518567;3;100;0,000163;c70877f17a
63844294458661;5519234;3;100;6,1E-05;c70877f17a
63844294459295;5520100;3;100;7,7E-05;c70877f17a
63844294461362;5522234;3;100;2,9E-05;c70877f17a
63844294461862;5522767;3;100;1,7E-05;c70877f17a
63844294462261;5523234;3;100;1,2E-05;c70877f17a
63844294462962;5523767;3;100;5,8E-05;c70877f17a
63844294463728;5524701;3;100;2,5E-05;c70877f17a
63844294464828;5525300;3;100;0,000182;c70877f17a
63844294465428;5526566;3;100;1,4E-05;c70877f17a
63844294466762;5527833;3;100;1,6E-05;c70877f17a
63844294469795;5530366;3;100;9,6E-05;c70877f17a
63844294470728;5531100;3;100;0,000133;c70877f17a
63844294470894;5531833;3;100;3,5E-05;c70877f17a
63844294472062;5532833;3;100;7,9E-05;c70877f17a
63844294475562;5536099;3;100;2,6E-05;c70877f17a
63844294475562;5536565;3;100;3E-06;c70877f17a
63844294476262;5537032;3;100;2,5E-05;c70877f17a
63844294476528;5537499;3;100;2,8E-05;c70877f17a
63844294477228;5537965;3;100;6,3E-05;c70877f17a
63844294477895;5538566;3;100;3E-05;c70877f17a
63844294478395;5538898;3;100;0,000325;c70877f17a
63844294479761;5540232;3;100;0,000152;c70877f17a
63844294480295;5541032;3;100;1,9E-05;c70877f17a
63844294480428;5541499;3;100;6E-06;c70877f17a
63844294480928;5541965;3;100;1,4E-05;c70877f17a
63844294481228;5542165;3;100;3E-05;c70877f17a
63844294482161;5543165;3;100;1E-05;c70877f17a
63844294486294;5547364;3;100;9,7E-05;c70877f17a
63844294487528;5548431;3;100;1,2E-05;c70877f17a
63844294488128;5548831;3;100;0,000174;c70877f17a
63844294488728;5549498;3;100;0,000147;c70877f17a
63844294490028;5550764;3;100;7,1E-05;c70877f17a
63844294492695;5553697;3;100;2,4E-05;c70877f17a
63844294493494;5554230;3;100;0,000127;c70877f17a
63844294494028;5555030;3;100;3,6E-05;c70877f17a
63844294494928;5555963;3;100;3E-05;c70877f17a
63844294496061;5556897;3;100;7,8E-05;c70877f17a
63844294500728;5561696;3;100;8,3E-05;c70877f17a
63844294502161;5562563;3;100;0,000145;c70877f17a
63844294503227;5563563;3;100;0,000236;c70877f17a
63844294503494;5564563;3;100;2,5E-05;c70877f17a
63844294504328;5565029;3;100;3,9E-05;c70877f17a
63844294506194;5566829;3;100;0,000242;c70877f17a
63844294506961;5567962;3;100;4E-05;c70877f17a
63844294511127;5572163;3;100;1E-05;c70877f17a
63844294512027;5572962;3;100;0,000147;c70877f17a
63844294513028;5574096;3;100;4E-06;c70877f17a
63844294514160;5574895;3;100;2,7E-05;c70877f17a
63844294514961;5575761;3;100;9,6E-05;c70877f17a
63844294515361;5576428;3;100;2,2E-05;c70877f17a
63844294516395;5577362;3;100;1,3E-05;c70877f17a
63844294516795;5577562;3;100;5,5E-05;c70877f17a
63844294517194;5578161;3;100;3E-05;c70877f17a
63844294517995;5578628;3;100;0,000128;c70877f17a
63844294518727;5579428;3;100;5,9E-05;c70877f17a
63844294519027;5580028;3;100;2,2E-05;c70877f17a
63844294520261;5580894;3;100;0,000146;c70877f17a
63844294520727;5581628;3;100;5,5E-05;c70877f17a
63844294521994;5582627;3;100;8,8E-05;c70877f17a
63844294522294;5583227;3;100;6,1E-05;c70877f17a
63844294522494;5583561;3;100;2,8E-05;c70877f17a
63844294522894;5583961;3;100;2,2E-05;c70877f17a
63844294523594;5584295;-3;100;1,8E-05;c70877f17a
63844294527160;5588028;-3;100;2,3E-05;c70877f17a
63844294527360;5588427;-3;100;1,6E-05;c70877f17a
63844294529393;5590293;-3;100;1,2E-05;c70877f17a
63844294530161;5590627;-3;100;0,000184;c70877f17a
63844294530760;5591427;-3;100;3,5E-05;c70877f17a
63844294531227;5591960;-3;100;9E-05;c70877f17a
63844294531427;5592494;-3;100;1,8E-05;c70877f17a
63844294533227;5593893;-3;100;1,6E-05;c70877f17a
63844294533627;5594427;-3;100;9,6E-05;c70877f17a
63844294534160;5594894;4;100;0,000114;c70877f17a
63844294536594;5597626;4;100;1,8E-05;c70877f17a
63844294537193;5598160;4;100;3,8E-05;c70877f17a
63844294537994;5598626;4;100;7,2E-05;c70877f17a
63844294538261;5599226;4;100;2,3E-05;c70877f17a
63844294538727;5599693;4;100;2,1E-05;c70877f17a
63844294539027;5600026;4;100;4E-06;c70877f17a
63844294539227;5600293;4;100;1,9E-05;c70877f17a
63844294539427;5600493;4;100;2,9E-05;c70877f17a
63844294539627;5600759;4;100;2,5E-05;c70877f17a
63844294539827;5600959;4;100;1E-05;c70877f17a
63844294540727;5601159;4;100;0,000276;c70877f17a
63844294542294;5603159;4;100;3,8E-05;c70877f17a
63844294543594;5604092;4;100;0,000119;c70877f17a
63844294544760;5605559;4;100;3,1E-05;c70877f17a
63844294545360;5606359;4;100;2,8E-05;c70877f17a
63844294546293;5606892;4;100;0,000111;c70877f17a
63844294547093;5607692;4;100;0,000167;c70877f17a
63844294547693;5608825;4;100;2E-05;c70877f17a
63844294548527;5609292;4;100;0,000193;c70877f17a
63844294550394;5611425;4;100;2E-06;c70877f17a
63844294550893;5611958;4;100;1,6E-05;c70877f17a
63844294551094;5612158;4;100;1,9E-05;c70877f17a
63844294551327;5612425;4;100;1,2E-05;c70877f17a
63844294551827;5612624;4;100;3,6E-05;c70877f17a
63844294552627;5613092;4;100;0,000143;c70877f17a
63844294553860;5614891;4;100;0;c70877f17a
63844294554294;5615291;4;100;1,2E-05;c70877f17a
63844294554794;5615557;4;100;1,3E-05;c70877f17a
63844294555427;5616224;4;100;0,000187;c70877f17a
63844294557260;5617957;4;100;1,9E-05;c70877f17a
63844294557360;5618225;4;100;6,1E-05;c70877f17a
63844294561093;5621557;4;100;0,000107;c70877f17a
63844294561460;5622424;4;100;4E-05;c70877f17a
63844294562160;5622757;4;100;1,1E-05;c70877f17a
63844294562260;5623024;4;100;7,9E-05;c70877f17a
63844294562960;5623690;4;100;0,000228;c70877f17a
63844294563360;5624423;4;100;1,5E-05;c70877f17a
63844294564427;5625157;4;100;7,6E-05;c70877f17a
63844294565360;5626224;4;100;6,6E-05;c70877f17a
63844294568492;5629356;4;100;4,3E-05;c70877f17a
63844294569893;5630356;4;100;0,000123;c70877f17a
63844294570360;5631156;4;100;0,00012;c70877f17a
63844294571660;5632223;4;100;4,1E-05;c70877f17a
63844294572426;5633423;4;100;2,4E-05;c70877f17a
63844294572959;5633889;4;100;7E-05;c70877f17a
63844294573359;5634356;4;100;2E-05;c70877f17a
63844294574092;5634622;4;100;5,9E-05;c70877f17a
63844294574360;5635356;4;100;3,4E-05;c70877f17a
63844294577559;5638289;4;100;0,000152;c70877f17a
63844294578959;5639222;4;100;0,000123;c70877f17a
63844294579761;5640755;4;100;0;c70877f17a
63844294580160;5641222;4;100;1,1E-05;c70877f17a
63844294581393;5641755;4;100;0,000158;c70877f17a
63844294581895;5642822;4;100;4,2E-05;c70877f17a
63844294584226;5645288;4;100;1,8E-05;c70877f17a
63844294584560;5645622;4;100;2,2E-05;c70877f17a
63844294584892;5645822;4;100;2,9E-05;c70877f17a
63844294585292;5646221;4;100;4,2E-05;c70877f17a
63844294585492;5646621;4;100;7E-06;c70877f17a
63844294586259;5646821;4;100;0,000169;c70877f17a
63844294587226;5647822;4;100;0,000185;c70877f17a
63844294587460;5648554;4;100;1,1E-05;c70877f17a
63844294588959;5649821;4;100;4,4E-05;c70877f17a
63844294589159;5650221;4;100;2,6E-05;c70877f17a
63844294589492;5650621;-4;100;4E-06;c70877f17a
63844294592559;5653287;-4;100;0,00013;c70877f17a
63844294593459;5654354;-4;100;2,6E-05;c70877f17a
63844294593759;5654754;-4;100;5,2E-05;c70877f17a
63844294594292;5655154;-4;100;6,1E-05;c70877f17a
63844294594693;5655687;-4;100;3,8E-05;c70877f17a
63844294595859;5656554;-4;100;5,7E-05;c70877f17a
63844294596159;5657154;-4;100;4E-05;c70877f17a
63844294596392;5657420;-4;100;8E-06;c70877f17a
63844294596693;5657754;-4;100;1,8E-05;c70877f17a
63844294597293;5658087;-4;100;4,2E-05;c70877f17a
63844294598226;5659087;-4;100;5,1E-05;c70877f17a
63844294598526;5659486;-4;100;4,4E-05;c70877f17a
63844294599759;5660620;-4;100;1,6E-05;c70877f17a
63844294600526;5661020;-4;100;6,7E-05;c70877f17a
63844294600959;5661953;-4;100;3E-05;c70877f17a
63844294601993;5662886;-4;100;3,2E-05;c70877f17a
63844294602392;5663287;-4;100;9E-05;c70877f17a
63844294602860;5663819;-4;100;1,2E-05;c70877f17a
63844294603493;5664219;5;100;5,5E-05;c70877f17a
63844294606692;5667286;5;100;0,000139;c70877f17a
63844294607660;5668419;5;100;5,8E-05;c70877f17a
63844294607826;5668752;5;100;3,5E-05;c70877f17a
63844294608226;5669152;5;100;7,6E-05;c70877f17a
63844294609227;5669819;5;100;0,000107;c70877f17a
63844294610093;5670619;5;100;0,000302;c70877f17a
63844294610926;5671952;5;100;1,1E-05;c70877f17a
63844294612559;5673019;5;100;5,4E-05;c70877f17a
63844294613059;5673885;5;100;7,1E-05;c70877f17a
63844294613359;5674352;5;100;7,2E-05;c70877f17a
63844294614159;5675085;5;100;2,1E-05;c70877f17a
63844294614992;5675618;5;100;1,7E-05;c70877f17a
63844294615659;5676218;5;100;8,6E-05;c70877f17a
63844294616159;5677218;5;100;1E-05;c70877f17a
63844294616559;5677418;5;100;4,1E-05;c70877f17a
63844294617292;5678085;5;100;2,5E-05;c70877f17a
63844294617292;5678351;5;100;2E-06;c70877f17a
63844294617592;5678551;5;100;6,1E-05;c70877f17a
63844294617992;5679018;5;100;3,1E-05;c70877f17a
63844294618292;5679285;5;100;1E-05;c70877f17a
63844294618592;5679551;5;100;5,1E-05;c70877f17a
63844294619126;5680151;5;100;1,4E-05;c70877f17a
63844294620026;5681018;5;100;1,1E-05;c70877f17a
63844294621259;5682284;5;100;3,6E-05;c70877f17a
63844294622092;5682817;5;100;8,2E-05;c70877f17a
63844294622759;5683351;5;100;0,000265;c70877f17a
63844294624559;5685285;5;100;1,4E-05;c70877f17a
63844294624626;5685684;5;100;3,2E-05;c70877f17a
63844294625025;5686084;5;100;1,5E-05;c70877f17a
63844294627326;5688350;5;100;2E-05;c70877f17a
63844294627825;5688750;5;100;8E-06;c70877f17a
63844294628226;5689217;5;100;1,5E-05;c70877f17a
63844294628692;5689617;5;100;3,6E-05;c70877f17a
63844294629758;5690483;5;100;0,000152;c70877f17a
63844294629959;5691083;5;100;1,9E-05;c70877f17a
63844294630559;5691551;5;100;2,1E-05;c70877f17a
63844294630759;5691816;5;100;1,9E-05;c70877f17a
63844294631726;5692483;5;100;2,6E-05;c70877f17a
63844294631726;5692750;5;100;3,4E-05;c70877f17a
63844294632959;5693950;5;100;1,4E-05;c70877f17a
63844294634225;5694616;5;100;3,3E-05;c70877f17a
63844294634259;5695216;5;100;2,4E-05;c70877f17a
63844294635292;5696083;5;100;3,5E-05;c70877f17a
63844294635492;5696549;5;100;2,4E-05;c70877f17a
63844294636692;5697416;5;100;1,7E-05;c70877f17a
63844294636858;5697750;5;100;5,3E-05;c70877f17a
63844294637159;5698150;5;100;7,1E-05;c70877f17a
63844294637726;5698482;5;100;0,000206;c70877f17a
63844294639059;5699283;5;100;0,000123;c70877f17a
63844294639625;5700283;5;100;9,3E-05;c70877f17a
63844294640825;5701882;5;100;1,7E-05;c70877f17a
63844294641992;5702416;5;100;0,000115;c70877f17a
63844294642492;5703549;5;100;1,7E-05;c70877f17a
63844294643059;5704082;5;100;2E-05;c70877f17a
63844294644858;5705816;5;100;4,3E-05;c70877f17a
63844294645192;5706082;5;100;4,9E-05;c70877f17a
63844294646358;5707082;5;100;0,000124;c70877f17a
63844294647825;5708348;5;100;7,2E-05;c70877f17a
63844294648525;5709282;5;100;1,2E-05;c70877f17a
63844294648925;5709748;5;100;6,9E-05;c70877f17a
63844294649025;5710148;5;100;1,7E-05;c70877f17a
63844294650225;5711015;5;100;9,6E-05;c70877f17a
63844294650992;5711548;-5;100;4,7E-05;c70877f17a
63844294654425;5715414;-5;100;3E-05;c70877f17a
63844294654825;5715681;-5;100;4,9E-05;c70877f17a
63844294655858;5716215;-5;100;2,1E-05;c70877f17a
63844294655859;5716615;-5;100;3,2E-05;c70877f17a
63844294656058;5717147;-5;100;3E-06;c70877f17a
63844294656358;5717348;-5;100;4,2E-05;c70877f17a
63844294657024;5717814;-5;100;9,4E-05;c70877f17a
63844294658158;5718881;-5;100;5,2E-05;c70877f17a
63844294658292;5719280;-5;100;1E-05;c70877f17a
63844294658558;5719614;-5;100;1,7E-05;c70877f17a
63844294658958;5719948;-5;100;3,5E-05;c70877f17a
63844294659658;5720480;-5;100;5,8E-05;c70877f17a
63844294659958;5720948;-5;100;4E-05;c70877f17a
63844294660591;5721414;-5;100;1,2E-05;c70877f17a
63844294660592;5721614;-5;100;2,1E-05;c70877f17a
63844294660791;5721813;-5;100;1,6E-05;c70877f17a
63844294661291;5722081;-5;100;7E-05;c70877f17a
63844294661791;5722614;-5;100;5,3E-05;c70877f17a
63844294662292;5723213;6;100;3,6E-05;c70877f17a
63844294662925;5723547;6;100;5,8E-05;c70877f17a
63844294664025;5724213;6;100;0,000181;c70877f17a
63844294664724;5725546;6;100;4,6E-05;c70877f17a
63844294665425;5726414;6;100;7E-06;c70877f17a
63844294665758;5726747;6;100;6,5E-05;c70877f17a
63844294666458;5727347;6;100;4,3E-05;c70877f17a
63844294666758;5727880;6;100;6E-06;c70877f17a
63844294667124;5728214;6;100;1,6E-05;c70877f17a
63844294667759;5728546;6;100;5,6E-05;c70877f17a
63844294668158;5729146;6;100;1E-05;c70877f17a
63844294668758;5729413;6;100;0,000131;c70877f17a
63844294669191;5730213;6;100;4,4E-05;c70877f17a
63844294669558;5730613;6;100;3,2E-05;c70877f17a
63844294670225;5731013;6;100;6,1E-05;c70877f17a
63844294670991;5731812;6;100;6E-05;c70877f17a
63844294671291;5732280;6;100;3,9E-05;c70877f17a
63844294671491;5732546;6;100;1,6E-05;c70877f17a
63844294671758;5732746;6;100;2,1E-05;c70877f17a
63844294671891;5732946;6;100;1,9E-05;c70877f17a
63844294672525;5733279;6;100;7,3E-05;c70877f17a
63844294673791;5734812;6;100;3E-05;c70877f17a
63844294674392;5735345;6;100;2,2E-05;c70877f17a
63844294675058;5735679;6;100;6,7E-05;c70877f17a
63844294675059;5735945;6;100;2,3E-05;c70877f17a
63844294675424;5736412;6;100;2,2E-05;c70877f17a
63844294676224;5736813;6;100;0,000141;c70877f17a
63844294676424;5737479;6;100;1,5E-05;c70877f17a
63844294676825;5737813;6;100;4E-05;c70877f17a
63844294678191;5738879;6;100;0,000114;c70877f17a
63844294678825;5739745;6;100;4,1E-05;c70877f17a
63844294679025;5740078;6;100;6E-06;c70877f17a
63844294679892;5740812;6;100;2,7E-05;c70877f17a
63844294680425;5741145;6;100;9,1E-05;c70877f17a
63844294680724;5741678;6;100;2,7E-05;c70877f17a
63844294680724;5741878;6;100;1,3E-05;c70877f17a
63844294681658;5742211;6;100;8,9E-05;c70877f17a
63844294682159;5742945;6;100;3,1E-05;c70877f17a
63844294682425;5743211;6;100;5,7E-05;c70877f17a
63844294683225;5743878;6;100;0,0001;c70877f17a
63844294683691;5744478;6;100;8,5E-05;c70877f17a
63844294683958;5745078;6;100;4,1E-05;c70877f17a
63844294684558;5745411;6;100;6,9E-05;c70877f17a
63844294684758;5745878;6;100;1,1E-05;c70877f17a
63844294685291;5746211;6;100;2,8E-05;c70877f17a
63844294685591;5746678;6;100;1E-06;c70877f17a
63844294686091;5747011;6;100;6,7E-05;c70877f17a
63844294686491;5747411;6;100;3,7E-05;c70877f17a
63844294687191;5748011;6;100;4,8E-05;c70877f17a
63844294687391;5748344;6;100;6,7E-05;c70877f17a
63844294688157;5749145;6;100;3,6E-05;c70877f17a
63844294689457;5749877;6;100;4,8E-05;c70877f17a
63844294689491;5750478;6;100;2,1E-05;c70877f17a
63844294690091;5751011;6;100;4,2E-05;c70877f17a
63844294690891;5751678;6;100;5,9E-05;c70877f17a
63844294691858;5752411;6;100;8,9E-05;c70877f17a
63844294692758;5753544;6;100;0,000104;c70877f17a
63844294693525;5754544;6;100;2,9E-05;c70877f17a
63844294694191;5754811;6;100;3,9E-05;c70877f17a
63844294694325;5755211;6;100;8,1E-05;c70877f17a
63844294695024;5755877;6;100;8,9E-05;c70877f17a
63844294695757;5756544;6;100;5,6E-05;c70877f17a
63844294695957;5757010;6;100;2,8E-05;c70877f17a
63844294696558;5757544;6;100;3,3E-05;c70877f17a
63844294697357;5757944;6;100;0,000168;c70877f17a
63844294698157;5759076;6;100;7,4E-05;c70877f17a
63844294699191;5759944;6;100;8,3E-05;c70877f17a
63844294699557;5760610;6;100;1,7E-05;c70877f17a
63844294701391;5761810;6;100;9,1E-05;c70877f17a
63844294701824;5762477;6;100;0,00011;c70877f17a
63844294701891;5762943;6;100;3,4E-05;c70877f17a
63844294702524;5763543;6;100;8E-06;c70877f17a
63844294703291;5764076;6;100;0,000132;c70877f17a
63844294704091;5765009;6;100;7,5E-05;c70877f17a
63844294704825;5765742;6;100;3,8E-05;c70877f17a
63844294705524;5766342;6;100;5,5E-05;c70877f17a
63844294706191;5766942;6;100;3,5E-05;c70877f17a
63844294706358;5767276;6;100;6E-05;c70877f17a
63844294706557;5767676;6;100;2,5E-05;c70877f17a
63844294706957;5767876;6;100;3,4E-05;c70877f17a
63844294707258;5768209;6;100;3,6E-05;c70877f17a
63844294707457;5768543;6;100;3,6E-05;c70877f17a
63844294707858;5768743;6;100;9,3E-05;c70877f17a
63844294708591;5769409;6;100;5E-05;c70877f17a
63844294708891;5769876;6;100;5,1E-05;c70877f17a
63844294709391;5770209;6;100;8,7E-05;c70877f17a
63844294709757;5770676;6;100;5,5E-05;c70877f17a
63844294710024;5771009;6;100;5,9E-05;c70877f17a
63844294711024;5771875;6;100;2,2E-05;c70877f17a
63844294711258;5772075;6;100;4,5E-05;c70877f17a
63844294711857;5772742;6;100;1,8E-05;c70877f17a
63844294712257;5773208;6;100;6,3E-05;c70877f17a
63844294713424;5774142;6;100;2,3E-05;c70877f17a
63844294713590;5774409;6;100;7,6E-05;c70877f17a
63844294713891;5774876;6;100;5,9E-05;c70877f17a
63844294714091;5775208;6;100;2,6E-05;c70877f17a
63844294714290;5775408;6;100;1E-05;c70877f17a
63844294714824;5775608;6;100;8,3E-05;c70877f17a
63844294715024;5776075;6;100;1,7E-05;c70877f17a
63844294715324;5776409;6;100;4E-06;c70877f17a
63844294716024;5776875;-6;100;8,7E-05;c70877f17a
63844294716223;5777275;-6;100;3,6E-05;c70877f17a
63844294717357;5778209;-6;100;4,5E-05;c70877f17a
63844294717757;5778608;-6;100;5,5E-05;c70877f17a
63844294718391;5779008;-6;100;3,9E-05;c70877f17a
63844294718424;5779475;-6;100;3,2E-05;c70877f17a
63844294718791;5779741;-6;100;2,5E-05;c70877f17a
63844294719357;5780274;-6;100;4,6E-05;c70877f17a
63844294719957;5780874;-6;100;5,9E-05;c70877f17a
63844294720624;5781274;-6;100;5,2E-05;c70877f17a
63844294721257;5782074;-6;100;0,000109;c70877f17a
63844294721791;5782875;-6;100;2E-06;c70877f17a
63844294721991;5783075;-6;100;1,3E-05;c70877f17a
63844294722291;5783275;-6;100;3E-05;c70877f17a
63844294723091;5783675;-6;100;3,4E-05;c70877f17a
63844294723624;5784207;-6;100;0,000128;c70877f17a
63844294724423;5785274;-6;100;6,7E-05;c70877f17a
63844294725392;5785940;-6;100;2,3E-05;c70877f17a
63844294725923;5786608;-6;100;0,000102;c70877f17a
63844294726757;5787807;-6;100;1,9E-05;c70877f17a
63844294726957;5788074;-6;100;7E-06;c70877f17a
63844294727857;5788541;-6;100;7,3E-05;c70877f17a
63844294727990;5789007;-6;100;5E-05;c70877f17a
63844294728757;5789674;-6;100;3,7E-05;c70877f17a
63844294728990;5790074;7;100;1,7E-05;c70877f17a
63844294729490;5790540;7;100;4,2E-05;c70877f17a
63844294729690;5790740;7;100;4,1E-05;c70877f17a
63844294730424;5791140;7;100;0,000123;c70877f17a
63844294730924;5791940;7;100;3,3E-05;c70877f17a
63844294731724;5792740;7;100;3,2E-05;c70877f17a
63844294731924;5793007;7;100;6E-06;c70877f17a
63844294732157;5793206;7;100;3,9E-05;c70877f17a
63844294732857;5793673;7;100;6,9E-05;c70877f17a
63844294733057;5794140;7;100;1,3E-05;c70877f17a
63844294733757;5794473;7;100;9,3E-05;c70877f17a
63844294734091;5795006;7;100;8,1E-05;c70877f17a
63844294734290;5795406;7;100;5,6E-05;c70877f17a
63844294735124;5795873;7;100;3,3E-05;c70877f17a
63844294735490;5796139;7;100;0,000151;c70877f17a
63844294736023;5797006;7;100;2,6E-05;c70877f17a
63844294736423;5797407;7;100;1,4E-05;c70877f17a
63844294736824;5797739;7;100;4,2E-05;c70877f17a
63844294737524;5798207;7;100;8,5E-05;c70877f17a
63844294737724;5798739;7;100;3,4E-05;c70877f17a
63844294738023;5799140;7;100;2E-05;c70877f17a
63844294738757;5799806;7;100;9E-06;c70877f17a
63844294739157;5800006;7;100;0,000102;c70877f17a
63844294739923;5800672;7;100;1,4E-05;c70877f17a
63844294740290;5801139;7;100;5,4E-05;c70877f17a
63844294740790;5801873;7;100;6E-06;c70877f17a
63844294741190;5802073;7;100;7,8E-05;c70877f17a
63844294741390;5802473;7;100;2,9E-05;c70877f17a
63844294741590;5802673;7;100;2,8E-05;c70877f17a
63844294742224;5803139;7;100;5E-06;c70877f17a
63844294742723;5803472;7;100;0,000128;c70877f17a
63844294743023;5804072;7;100;2,5E-05;c70877f17a
63844294743523;5804406;7;100;7,7E-05;c70877f17a
63844294743757;5804806;7;100;2E-05;c70877f17a
63844294743923;5805005;7;100;1,5E-05;c70877f17a
63844294744657;5805339;7;100;9,5E-05;c70877f17a
63844294745223;5806072;7;100;5,1E-05;c70877f17a
63844294745523;5806538;7;100;2,9E-05;c70877f17a
63844294745823;5806806;7;100;3,7E-05;c70877f17a
63844294746023;5807072;7;100;4,2E-05;c70877f17a
63844294746224;5807272;7;100;4E-05;c70877f17a
63844294747557;5808539;7;100;6,4E-05;c70877f17a
63844294748157;5809005;7;100;7,7E-05;c70877f17a
63844294749624;5810072;7;100;0,000149;c70877f17a
63844294750690;5811272;7;100;9,6E-05;c70877f17a
63844294750823;5811938;7;100;1,9E-05;c70877f17a
63844294750990;5812138;7;100;1,4E-05;c70877f17a
63844294751857;5812738;7;100;8E-06;c70877f17a
63844294752323;5813271;7;100;4,1E-05;c70877f17a
63844294752956;5813738;7;100;0,000128;c70877f17a
63844294754291;5815338;7;100;3,2E-05;c70877f17a
63844294754490;5815538;7;100;1,1E-05;c70877f17a
63844294755290;5816004;7;100;9,8E-05;c70877f17a
63844294755890;5816937;7;100;1,2E-05;c70877f17a
63844294756090;5817137;7;100;1,9E-05;c70877f17a
63844294756790;5817537;7;100;0,000126;c70877f17a
63844294757490;5818471;7;100;7,5E-05;c70877f17a
63844294757790;5818937;7;100;1,5E-05;c70877f17a
63844294758023;5819137;7;100;6E-06;c70877f17a
63844294758423;5819470;7;100;2,8E-05;c70877f17a
63844294759057;5819804;7;100;1,2E-05;c70877f17a
63844294759222;5820137;7;100;0,000127;c70877f17a
63844294760156;5820737;7;100;9,7E-05;c70877f17a
63844294760757;5821604;7;100;6E-05;c70877f17a
63844294761523;5822203;7;100;3,1E-05;c70877f17a
63844294761524;5822537;7;100;3,4E-05;c70877f17a
63844294761956;5822738;7;100;0,000101;c70877f17a
63844294762290;5823270;7;100;6,9E-05;c70877f17a
63844294762856;5824003;7;100;2,4E-05;c70877f17a
63844294763990;5824471;7;100;0,000139;c70877f17a
63844294764323;5825270;7;100;3,1E-05;c70877f17a
63844294764657;5825536;7;100;0,0001;c70877f17a
63844294765622;5826470;7;100;0,0001;c70877f17a
63844294766256;5826870;7;100;2,8E-05;c70877f17a
63844294766290;5827137;7;100;3,6E-05;c70877f17a
63844294766956;5827670;7;100;8,7E-05;c70877f17a
63844294767356;5828337;7;100;3,2E-05;c70877f17a
63844294768722;5829136;7;100;0,00011;c70877f17a
63844294769223;5829803;7;100;0,00016;c70877f17a
63844294769823;5830869;7;100;4,7E-05;c70877f17a
63844294770422;5831403;7;100;5,2E-05;c70877f17a
63844294770522;5831669;7;100;2,2E-05;c70877f17a
63844294771057;5832136;7;100;4E-06;c70877f17a
63844294771756;5832602;7;100;8,4E-05;c70877f17a
63844294772056;5833069;7;100;6,6E-05;c70877f17a
63844294772756;5833602;7;100;0,000111;c70877f17a
63844294773457;5834070;7;100;9E-06;c70877f17a
63844294774090;5834736;7;100;8,9E-05;c70877f17a
63844294774689;5835469;7;100;0,00014;c70877f17a
63844294775422;5836269;7;100;7,7E-05;c70877f17a
63844294775890;5836669;7;100;5,2E-05;c70877f17a
63844294776190;5837269;7;100;4E-05;c70877f17a
63844294776656;5837736;7;100;3,5E-05;c70877f17a
63844294777056;5838069;7;100;7,4E-05;c70877f17a
63844294777722;5838735;7;100;2,6E-05;c70877f17a
63844294778422;5839269;7;100;8E-05;c70877f17a
63844294778989;5839802;7;100;0,000194;c70877f17a
63844294779356;5840468;7;100;2,2E-05;c70877f17a
63844294779756;5840668;7;100;3,6E-05;c70877f17a
63844294780656;5841202;7;100;5,3E-05;c70877f17a
63844294780690;5841602;7;100;4,7E-05;c70877f17a
63844294781622;5842335;7;100;0,000148;c70877f17a
63844294781822;5842935;7;100;3,7E-05;c70877f17a
63844294782322;5843401;7;100;1,8E-05;c70877f17a
63844294783289;5843935;7;100;0,000108;c70877f17a
63844294783489;5844535;7;100;1,5E-05;c70877f17a
63844294783822;5844735;7;100;0,000123;c70877f17a
63844294783989;5845135;7;100;5,6E-05;c70877f17a
63844294784590;5845602;7;100;5E-05;c70877f17a
63844294784822;5845934;7;100;1,9E-05;c70877f17a
63844294785022;5846135;7;100;2,9E-05;c70877f17a
63844294785756;5846601;7;100;0,000112;c70877f17a
63844294785956;5847001;7;100;1,5E-05;c70877f17a
63844294786356;5847334;7;100;9,4E-05;c70877f17a
63844294787056;5847934;7;100;9,4E-05;c70877f17a
63844294788056;5848934;7;100;5,6E-05;c70877f17a
63844294788156;5849267;7;100;1,1E-05;c70877f17a
63844294788856;5849735;7;100;6,4E-05;c70877f17a
63844294789389;5850267;7;100;6E-05;c70877f17a
63844294789756;5850601;7;100;0,000128;c70877f17a
63844294790322;5851201;7;100;6,8E-05;c70877f17a
63844294790356;5851467;7;100;3,1E-05;c70877f17a
63844294790556;5851668;7;100;3,2E-05;c70877f17a
63844294790856;5851868;7;100;6E-05;c70877f17a
63844294791189;5852201;7;100;5,7E-05;c70877f17a
63844294791589;5852600;7;100;1E-05;c70877f17a
63844294791789;5852868;7;100;3,1E-05;c70877f17a
63844294792089;5853068;7;100;7,8E-05;c70877f17a
63844294792690;5853601;7;100;4,7E-05;c70877f17a
63844294793022;5854134;7;100;3,6E-05;c70877f17a
63844294793623;5854601;7;100;3,7E-05;c70877f17a
63844294794189;5855134;7;100;3,4E-05;c70877f17a
63844294794423;5855401;7;100;7,3E-05;c70877f17a
63844294795089;5855867;7;100;1,6E-05;c70877f17a
63844294795356;5856134;7;100;6,7E-05;c70877f17a
63844294795856;5856933;7;100;1,7E-05;c70877f17a
63844294796489;5857400;7;100;6,5E-05;c70877f17a
63844294797089;5857933;7;100;0,000109;c70877f17a
63844294797756;5858400;7;100;0,000139;c70877f17a
63844294797989;5858933;7;100;0,000122;c70877f17a
63844294798922;5860000;7;100;1,8E-05;c70877f17a
63844294799423;5860333;7;100;0,000101;c70877f17a
63844294800022;5860733;7;100;9,2E-05;c70877f17a
63844294800689;5861666;7;100;3,1E-05;c70877f17a
63844294800922;5861934;7;100;6,2E-05;c70877f17a
63844294801156;5862266;7;100;1,8E-05;c70877f17a
63844294801556;5862466;7;100;4,5E-05;c70877f17a
63844294802457;5862999;7;100;8,9E-05;c70877f17a
63844294802556;5863599;7;100;7,1E-05;c70877f17a
63844294802889;5863867;7;100;8,9E-05;c70877f17a
63844294803289;5864199;7;100;0,000232;c70877f17a
63844294804189;5865132;7;100;2,4E-05;c70877f17a
63844294804756;5865466;7;100;3,9E-05;c70877f17a
63844294804989;5866066;7;100;4,2E-05;c70877f17a
63844294806222;5867199;7;100;7,7E-05;c70877f17a
63844294807122;5867866;7;100;9,6E-05;c70877f17a
63844294807655;5868533;7;100;9,4E-05;c70877f17a
63844294808256;5869066;7;100;0,000179;c70877f17a
63844294809089;5869999;7;100;9,3E-05;c70877f17a
63844294809556;5870332;7;100;5,3E-05;c70877f17a
63844294809889;5870932;7;100;3,2E-05;c70877f17a
63844294811122;5871599;7;100;0,000178;c70877f17a
63844294812056;5872798;7;100;3,7E-05;c70877f17a
63844294812356;5873265;7;100;0,000113;c70877f17a
63844294812756;5873598;7;100;7E-05;c70877f17a
63844294813689;5874198;7;100;0,00025;c70877f17a
63844294814422;5875198;7;100;4,7E-05;c70877f17a
63844294815589;5876531;7;100;8,1E-05;c70877f17a
63844294816722;5877131;7;100;0,000278;c70877f17a
63844294818155;5878798;7;100;0,000157;c70877f17a
63844294818322;5879398;7;100;5,5E-05;c70877f17a
63844294819189;5879732;7;100;8,9E-05;c70877f17a
63844294819355;5880198;7;100;7,1E-05;c70877f17a
63844294819755;5880864;7;100;1,3E-05;c70877f17a
63844294820055;5881198;7;100;1,8E-05;c70877f17a
63844294820455;5881531;7;100;7,7E-05;c70877f17a
63844294820889;5881931;7;100;3,9E-05;c70877f17a
63844294821556;5882197;7;100;0,000111;c70877f17a
63844294821589;5882665;7;100;1,7E-05;c70877f17a
63844294822389;5883131;-7;100;0,00013;c70877f17a
63844294822822;5883864;-7;100;2,7E-05;c70877f17a
63844294823455;5884264;-7;100;0,000148;c70877f17a
63844294824322;5885264;-7;100;8,3E-05;c70877f17a
63844294825355;5886064;-7;100;9,5E-05;c70877f17a
63844294827189;5887464;-7;100;0,000656;c70877f17a
63844294828089;5888997;-7;100;5,3E-05;c70877f17a
63844294828722;5889330;-7;100;0,000156;c70877f17a
63844294829289;5889930;-7;100;0,000183;c70877f17a
63844294829522;5890597;-7;100;1,7E-05;c70877f17a
63844294829922;5890930;-7;100;3,7E-05;c70877f17a
63844294831222;5891730;-7;100;4,2E-05;c70877f17a
63844294831222;5891997;-7;100;7,8E-05;c70877f17a
63844294831988;5892997;-7;100;2,6E-05;c70877f17a
63844294832822;5893530;-7;100;8,3E-05;c70877f17a
63844294833555;5894063;-7;100;0,000116;c70877f17a
63844294833788;5894597;-7;100;5,1E-05;c70877f17a
63844294834321;5895130;-7;100;0,000124;c70877f17a
63844294834522;5895663;-7;100;2,3E-05;c70877f17a
63844294835355;5896396;-7;100;5,6E-05;c70877f17a
63844294836122;5896663;8;100;8,4E-05;c70877f17a
63844294836122;5897130;8;100;2,6E-05;c70877f17a
63844294839222;5899862;8;100;0,000156;c70877f17a
63844294839755;5900662;8;100;4,8E-05;c70877f17a
63844294840255;5900996;8;100;0,000144;c70877f17a
63844294841055;5901530;8;100;0,000245;c70877f17a
63844294841788;5902463;8;100;0,000104;c70877f17a
63844294841855;5902995;8;100;1,3E-05;c70877f17a
63844294842288;5903329;8;100;3,7E-05;c70877f17a
63844294842488;5903529;8;100;9,2E-05;c70877f17a
63844294843288;5904263;8;100;4,9E-05;c70877f17a
63844294843388;5904529;8;100;2,7E-05;c70877f17a
63844294843588;5904729;8;100;1,3E-05;c70877f17a
63844294844022;5905062;8;100;5,4E-05;c70877f17a
63844294844388;5905462;8;100;2,9E-05;c70877f17a
63844294845021;5905662;8;100;0,000185;c70877f17a
63844294845555;5906262;8;100;5,6E-05;c70877f17a
63844294845722;5906528;8;100;9,1E-05;c70877f17a
63844294846555;5907262;8;100;0,000286;c70877f17a
63844294848088;5908329;8;100;0,000216;c70877f17a
63844294848388;5909195;8;100;0,000163;c70877f17a
63844294849388;5910395;8;100;1,7E-05;c70877f17a
63844294850455;5910728;8;100;0,000147;c70877f17a
63844294851188;5912061;8;100;6,9E-05;c70877f17a
63844294851756;5912528;8;100;7,7E-05;c70877f17a
63844294852155;5912994;8;100;0,000141;c70877f17a
63844294852788;5913528;8;100;9,3E-05;c70877f17a
63844294853455;5914328;8;100;0,000215;c70877f17a
63844294854255;5914994;8;100;0,000185;c70877f17a
63844294854555;5915594;8;100;6,2E-05;c70877f17a
63844294855254;5915861;8;100;1E-06;c70877f17a
63844294855255;5916194;8;100;4E-06;c70877f17a
63844294855488;5916527;8;100;4,2E-05;c70877f17a
63844294855688;5916727;8;100;4,5E-05;c70877f17a
63844294856488;5917395;8;100;0,000121;c70877f17a
63844294857588;5918061;8;100;0,00012;c70877f17a
63844294858221;5918927;8;100;0,000159;c70877f17a
63844294858522;5919660;8;100;3,3E-05;c70877f17a
63844294858921;5919861;8;100;9,1E-05;c70877f17a
63844294860122;5920661;8;100;0,000106;c70877f17a
63844294860122;5920994;8;100;4,4E-05;c70877f17a
63844294860455;5921194;8;100;0,000235;c70877f17a
63844294861055;5922061;8;100;8E-05;c70877f17a
63844294861688;5922661;8;100;4,6E-05;c70877f17a
63844294862422;5923127;8;100;4,6E-05;c70877f17a
63844294863021;5923994;8;100;4,2E-05;c70877f17a
63844294863421;5924460;8;100;5,9E-05;c70877f17a
63844294864789;5925660;8;100;0,0002;c70877f17a
63844294865154;5926193;8;100;4,6E-05;c70877f17a
63844294865455;5926393;8;100;7,6E-05;c70877f17a
63844294865854;5926860;8;100;2,6E-05;c70877f17a
63844294866388;5927260;8;100;0,000142;c70877f17a
63844294867221;5927926;8;100;5,7E-05;c70877f17a
63844294867355;5928260;8;100;0,0001;c70877f17a
63844294867756;5928727;8;100;2,2E-05;c70877f17a
63844294868054;5929127;8;100;1,1E-05;c70877f17a
63844294868455;5929327;8;100;0,000181;c70877f17a
63844294869055;5929926;8;100;0,000257;c70877f17a
63844294870688;5931460;8;100;0,000101;c70877f17a
63844294870788;5931926;8;100;1,8E-05;c70877f17a
63844294871555;5932659;8;100;1E-06;c70877f17a
63844294872155;5932992;8;100;0,000191;c70877f17a
63844294872688;5933660;8;100;2,1E-05;c70877f17a
63844294873054;5934060;8;100;9E-05;c70877f17a
63844294873721;5934726;8;100;9E-05;c70877f17a
63844294874421;5934993;8;100;7,8E-05;c70877f17a
63844294874721;5935593;8;100;0,000126;c70877f17a
63844294875354;5936059;8;100;0,000309;c70877f17a
63844294876054;5937125;8;100;1E-06;c70877f17a
63844294876254;5937325;8;100;0,000111;c70877f17a
63844294876888;5937925;8;100;7,3E-05;c70877f17a
63844294877521;5938526;8;100;0,000151;c70877f17a
63844294878521;5939258;8;100;0,000205;c70877f17a
63844294879421;5940126;8;100;0,000158;c70877f17a
63844294879821;5940725;8;100;8,2E-05;c70877f17a
63844294880287;5941192;8;100;8,9E-05;c70877f17a
63844294881021;5941858;8;100;0,000193;c70877f17a
63844294881854;5942591;8;100;0,000203;c70877f17a
63844294882654;5943392;8;100;0,000219;c70877f17a
63844294883254;5944059;8;100;9,9E-05;c70877f17a
63844294884121;5944591;8;100;9,8E-05;c70877f17a
63844294884721;5945192;8;100;0,000333;c70877f17a
63844294885154;5946258;8;100;3,4E-05;c70877f17a
63844294885521;5946458;8;100;3,7E-05;c70877f17a
63844294886421;5946925;8;100;0,000219;c70877f17a
63844294886487;5947525;8;100;4,5E-05;c70877f17a
63844294886721;5947725;8;100;3,1E-05;c70877f17a
63844294887188;5947925;8;100;0,000188;c70877f17a
63844294888054;5948991;8;100;0,000154;c70877f17a
63844294888254;5949324;8;100;6E-05;c70877f17a
63844294888821;5949591;8;100;6E-05;c70877f17a
63844294889087;5949924;8;100;0,000169;c70877f17a
63844294889754;5950724;8;100;3,7E-05;c70877f17a
63844294890287;5951124;8;100;0,000135;c70877f17a
63844294890621;5951591;8;100;5,3E-05;c70877f17a
63844294891321;5952057;8;100;0,000208;c70877f17a
63844294891921;5952857;8;100;0,000124;c70877f17a
63844294892221;5953190;8;100;5,7E-05;c70877f17a
63844294892720;5953657;8;100;3,7E-05;c70877f17a
63844294893621;5954257;8;100;0,000166;c70877f17a
63844294894254;5954990;8;100;0,000237;c70877f17a
63844294895087;5955790;8;100;0,000206;c70877f17a
63844294896088;5956657;8;100;0,000185;c70877f17a
63844294896721;5957591;8;100;0,000119;c70877f17a
63844294897021;5958057;8;100;4,1E-05;c70877f17a
63844294897621;5958457;8;100;9,7E-05;c70877f17a
63844294898454;5959057;8;100;0,000176;c70877f17a
63844294898755;5959790;8;100;3,6E-05;c70877f17a
63844294899454;5960190;8;100;0,000156;c70877f17a
63844294900187;5961190;8;100;7,7E-05;c70877f17a
63844294900821;5961457;8;100;7,1E-05;c70877f17a
63844294900954;5961723;8;100;0,000199;c70877f17a
63844294901421;5962257;8;100;0,000256;c70877f17a
63844294901987;5962856;-8;100;0,000124;c70877f17a
63844294903287;5963789;-8;100;0,000127;c70877f17a
63844294903854;5964389;-8;100;0,000305;c70877f17a
63844294904587;5965522;-8;100;9,2E-05;c70877f17a
63844294904987;5965990;-8;100;6,3E-05;c70877f17a
63844294905654;5966322;-8;100;5,8E-05;c70877f17a
63844294905821;5966722;-8;100;0,000112;c70877f17a
63844294906621;5967522;-8;100;6,2E-05;c70877f17a
63844294908054;5968656;-8;100;0,000185;c70877f17a
63844294908754;5969789;-8;100;4E-05;c70877f17a
63844294909287;5970056;-8;100;0,000179;c70877f17a
63844294909687;5970589;-8;100;9,7E-05;c70877f17a
63844294909887;5970922;-8;100;4E-05;c70877f17a
63844294910587;5971655;-8;100;1,3E-05;c70877f17a
63844294911320;5972322;-8;100;0,00014;c70877f17a
63844294911721;5972589;-8;100;5E-06;c70877f17a
63844294912220;5973255;-8;100;2,5E-05;c70877f17a
63844294913154;5973788;-8;100;0,000132;c70877f17a
63844294913987;5974922;9;100;6,6E-05;c70877f17a
63844294914187;5975255;9;100;3E-05;c70877f17a
63844294914787;5975721;9;100;0,000183;c70877f17a
63844294915321;5976255;9;100;9E-05;c70877f17a
63844294916020;5976855;9;100;0,000183;c70877f17a
63844294916520;5977455;9;100;9,9E-05;c70877f17a
63844294917153;5978188;9;100;2,6E-05;c70877f17a
63844294917854;5978455;9;100;0,00018;c70877f17a
63844294918354;5979388;9;100;8,2E-05;c70877f17a
63844294918654;5979788;9;100;4,6E-05;c70877f17a
63844294918854;5979988;9;100;3,9E-05;c70877f17a
63844294919487;5980455;9;100;0,000131;c70877f17a
63844294920154;5981055;9;100;4,9E-05;c70877f17a
63844294920787;5981521;9;100;0,000145;c70877f17a
63844294921720;5982521;9;100;0,0002;c70877f17a
63844294922454;5983254;9;100;0,0002;c70877f17a
63844294923287;5984321;9;100;5,7E-05;c70877f17a
63844294923787;5984788;9;100;7,2E-05;c70877f17a
63844294924420;5985388;9;100;0,000117;c70877f17a
63844294924853;5985654;9;100;3,2E-05;c70877f17a
63844294924920;5985987;9;100;1,2E-05;c70877f17a
63844294925720;5986521;9;100;0,000163;c70877f17a
63844294925920;5986987;9;100;0,000101;c70877f17a
63844294926720;5987521;9;100;0,000147;c70877f17a
63844294927854;5988454;9;100;0,000204;c70877f17a
63844294928320;5989254;9;100;6,7E-05;c70877f17a
63844294928720;5989653;9;100;4,6E-05;c70877f17a
63844294929187;5990053;9;100;0,000136;c70877f17a
63844294929954;5990654;9;100;0,000218;c70877f17a
63844294931087;5992054;9;100;9,9E-05;c70877f17a
63844294931486;5992320;9;100;0,000108;c70877f17a
63844294932087;5992987;9;100;0,000122;c70877f17a
63844294932453;5993387;9;100;2,8E-05;c70877f17a
63844294932853;5993786;9;100;8,3E-05;c70877f17a
63844294933454;5994320;9;100;7,4E-05;c70877f17a
63844294934487;5994853;9;100;0,000176;c70877f17a
63844294934753;5995786;9;100;8,4E-05;c70877f17a
63844294935054;5996053;9;100;0,000196;c70877f17a
63844294935720;5996786;9;100;1,9E-05;c70877f17a
63844294936853;5996986;9;100;0,000335;c70877f17a
63844294937187;5998187;9;100;0,00011;c70877f17a
63844294937620;5998452;9;100;0,000137;c70877f17a
63844294937786;5998852;9;100;2,6E-05;c70877f17a
63844294938720;5999519;9;100;0,000174;c70877f17a
63844294939352;6000253;-9;100;5,4E-05;c70877f17a
63844294940087;6000919;-9;100;0,000135;c70877f17a
63844294940387;6001319;-9;100;0,000117;c70877f17a
63844294941187;6001919;-9;100;0,000286;c70877f17a
63844294941854;6002786;-9;100;0,000103;c70877f17a
63844294942920;6003786;-9;100;0,000106;c70877f17a
63844294944087;6004585;-9;100;0,000146;c70877f17a
63844294944386;6005118;-9;100;0,000186;c70877f17a
63844294944587;6005652;-9;100;3,2E-05;c70877f17a
63844294945053;6006118;-9;100;2,4E-05;c70877f17a
63844294946520;6006986;-9;100;0,000213;c70877f17a
63844294946720;6007652;-9;100;0,000141;c70877f17a
63844294946920;6007985;-9;100;5,4E-05;c70877f17a
63844294947220;6008185;-9;100;0,000106;c70877f17a
63844294947853;6008919;-9;100;3,9E-05;c70877f17a
63844294948186;6009119;-9;100;0,000118;c70877f17a
63844294948887;6009519;-9;100;5,2E-05;c70877f17a
63844294949120;6010118;-9;100;8,3E-05;c70877f17a
63844294949720;6010851;-9;100;5,3E-05;c70877f17a
63844294949920;6011051;-9;100;2,8E-05;c70877f17a
63844294950152;6011251;-9;100;1E-06;c70877f17a
63844294950320;6011451;-9;100;3,9E-05;c70877f17a
63844294950753;6011651;-9;100;7,7E-05;c70877f17a
63844294951287;6011918;-9;100;0,000154;c70877f17a
63844294951852;6012852;10;100;4E-06;c70877f17a
63844294952786;6013184;10;100;0,000305;c70877f17a
63844294953086;6014052;10;100;9,7E-05;c70877f17a
63844294954052;6014918;10;100;0,000118;c70877f17a
63844294954486;6015517;10;100;9E-05;c70877f17a
63844294955586;6016317;10;100;0,000148;c70877f17a
63844294956220;6017117;10;100;0,0001;c70877f17a
63844294956386;6017451;10;100;1,6E-05;c70877f17a
63844294956821;6017651;10;100;0,000206;c70877f17a
63844294957120;6018118;10;100;7,9E-05;c70877f17a
63844294957320;6018384;10;100;7,6E-05;c70877f17a
63844294957519;6018651;10;100;5,5E-05;c70877f17a
63844294958487;6019384;10;100;3,8E-05;c70877f17a
63844294958586;6019584;10;100;2,9E-05;c70877f17a
63844294958719;6019784;10;100;1,7E-05;c70877f17a
63844294959186;6020117;10;100;0,00019;c70877f17a
63844294959419;6020517;10;100;6,9E-05;c70877f17a
63844294959753;6020717;10;100;8,8E-05;c70877f17a
63844294960320;6021250;10;100;0,00013;c70877f17a
63844294960887;6021718;10;100;1,7E-05;c70877f17a
63844294961120;6022050;10;100;4,1E-05;c70877f17a
63844294961752;6022450;10;100;0,000236;c70877f17a
63844294962252;6023251;10;100;6,9E-05;c70877f17a
63844294962752;6023717;10;100;9,1E-05;c70877f17a
63844294963353;6024183;10;100;0,000134;c70877f17a
63844294963752;6024783;10;100;0,000132;c70877f17a
63844294964220;6025050;10;100;0,000206;c70877f17a
63844294964519;6025517;10;100;0,000178;c70877f17a
63844294965152;6026117;10;100;7,6E-05;c70877f17a
63844294965720;6026517;10;100;5,1E-05;c70877f17a
63844294965952;6026917;10;100;6,5E-05;c70877f17a
63844294966253;6027183;10;100;9,6E-05;c70877f17a
63844294966452;6027516;10;100;8,3E-05;c70877f17a
63844294966753;6027783;10;100;6,8E-05;c70877f17a
63844294967253;6028183;10;100;0,000197;c70877f17a
63844294967552;6028650;10;100;2,6E-05;c70877f17a
63844294968186;6029116;10;100;0,000101;c70877f17a
63844294968886;6029783;10;100;0,000146;c70877f17a
63844294969653;6030716;10;100;0,000152;c70877f17a
63844294970552;6031316;10;100;0,000119;c70877f17a
63844294970853;6031716;10;100;0,000116;c70877f17a
63844294971186;6032250;10;100;7,5E-05;c70877f17a
63844294971586;6032583;10;100;2,9E-05;c70877f17a
63844294971986;6032850;10;100;0,000236;c70877f17a
63844294972919;6033516;10;100;9,9E-05;c70877f17a
63844294972920;6033849;10;100;4,6E-05;c70877f17a
63844294973386;6034316;10;100;0,000371;c70877f17a
63844294973887;6034849;10;100;0,000125;c70877f17a
63844294974752;6035582;10;100;0,000137;c70877f17a
63844294975386;6035915;10;100;0,000107;c70877f17a
63844294975986;6036849;10;100;0,000171;c70877f17a
63844294976619;6037515;10;100;0,000199;c70877f17a
63844294977719;6038249;10;100;0,000147;c70877f17a
63844294977720;6038716;10;100;5,5E-05;c70877f17a
63844294977919;6038982;10;100;2,5E-05;c70877f17a
63844294978186;6039182;10;100;3,4E-05;c70877f17a
63844294978319;6039382;10;100;0,000138;c70877f17a
63844294979253;6039916;10;100;0,000204;c70877f17a
63844294980252;6040848;10;100;0,000153;c70877f17a
63844294980819;6041915;10;100;4E-05;c70877f17a
63844294981252;6042248;10;100;0,000112;c70877f17a
63844294981653;6042515;10;100;0,000167;c70877f17a
63844294981852;6042981;10;100;2,8E-05;c70877f17a
63844294982752;6043315;10;100;0,000248;c70877f17a
63844294983086;6044049;10;100;0,000123;c70877f17a
63844294983488;6044381;10;100;0,000184;c70877f17a
63844294983986;6044982;10;100;9,1E-05;c70877f17a
63844294984919;6045514;10;100;7,5E-05;c70877f17a
63844294985953;6046848;10;100;6,4E-05;c70877f17a
63844294986586;6047381;10;100;0,000195;c70877f17a
63844294987352;6047982;10;100;0,000121;c70877f17a
63844294987586;6048382;10;100;0,000166;c70877f17a
63844294988419;6049382;10;100;4,2E-05;c70877f17a
63844294988619;6049715;10;100;2,7E-05;c70877f17a
63844294989319;6050315;10;100;7,6E-05;c70877f17a
63844294989852;6050715;10;100;8,2E-05;c70877f17a
63844294990152;6050981;10;100;5,3E-05;c70877f17a
63844294990954;6051915;10;100;9E-05;c70877f17a
63844294991552;6052515;10;100;0,000104;c70877f17a
63844294992352;6053448;10;100;1,4E-05;c70877f17a
63844294993052;6054048;10;100;1,7E-05;c70877f17a
63844294993586;6054314;10;100;0,000296;c70877f17a
63844294994085;6055114;10;100;2,8E-05;c70877f17a
63844294995319;6056047;10;100;0,000143;c70877f17a
63844294995919;6056847;10;100;0,000181;c70877f17a
63844294996986;6057780;10;100;8E-05;c70877f17a
63844294997719;6058380;10;100;0,00028;c70877f17a
63844294997852;6058913;10;100;4,6E-05;c70877f17a
63844294998052;6059113;10;100;8,4E-05;c70877f17a
63844294998252;6059380;10;100;1,4E-05;c70877f17a
63844294999419;6059980;10;100;0,000334;c70877f17a
63844294999986;6060913;10;100;3,8E-05;c70877f17a
63844295000252;6061379;10;100;6E-06;c70877f17a
63844295000752;6061580;10;100;0,00023;c70877f17a
63844295001752;6062247;10;100;0,000263;c70877f17a
63844295001886;6062913;10;100;5,3E-05;c70877f17a
63844295002052;6063113;10;100;8,5E-05;c70877f17a
63844295002686;6063513;10;100;0,000197;c70877f17a
63844295003185;6064113;10;100;7,4E-05;c70877f17a
63844295003386;6064446;10;100;2,6E-05;c70877f17a
63844295004152;6064713;10;100;0,00018;c70877f17a
63844295004419;6065446;10;100;2,6E-05;c70877f17a
63844295004919;6065713;10;100;0,000207;c70877f17a
63844295005185;6066179;10;100;4E-06;c70877f17a
63844295005285;6066379;10;100;4,6E-05;c70877f17a
63844295006585;6066846;10;100;0,000217;c70877f17a
63844295006587;6067512;10;100;0,000106;c70877f17a
63844295006785;6067846;10;100;0,000123;c70877f17a
63844295007619;6068446;10;100;0,000145;c70877f17a
63844295007918;6068845;10;100;9,9E-05;c70877f17a
63844295008185;6069179;10;100;8,3E-05;c70877f17a
63844295009152;6070045;10;100;0,000146;c70877f17a
63844295009352;6070379;10;100;2,8E-05;c70877f17a
63844295009752;6070713;10;100;3,7E-05;c70877f17a
63844295009952;6070979;10;100;4,2E-05;c70877f17a
63844295010252;6071246;10;100;8E-05;c70877f17a
63844295010819;6071579;10;100;0,000229;c70877f17a
63844295011419;6072378;10;100;0,000151;c70877f17a
63844295012252;6073178;10;100;8,4E-05;c70877f17a
63844295012685;6073512;10;100;0,000271;c70877f17a
63844295013352;6074378;10;100;5,6E-05;c70877f17a
63844295013886;6074912;10;100;3,1E-05;c70877f17a
63844295014052;6075111;10;100;0,000104;c70877f17a
63844295014885;6075712;10;100;9,2E-05;c70877f17a
63844295016152;6076645;10;100;0,000328;c70877f17a
63844295016719;6077511;10;100;0,000136;c70877f17a
63844295017052;6078045;10;100;9,3E-05;c70877f17a
63844295017252;6078311;10;100;5,7E-05;c70877f17a
63844295017585;6078511;10;100;0,000116;c70877f17a
63844295018085;6078978;10;100;0,000219;c70877f17a
63844295018586;6079511;10;100;2E-05;c70877f17a
63844295018785;6079778;10;100;2,7E-05;c70877f17a
63844295019486;6080244;10;100;0,000188;c70877f17a
63844295020119;6081112;10;100;9,7E-05;c70877f17a
63844295021152;6081578;10;100;0,000122;c70877f17a
63844295021785;6082711;10;100;0,000121;c70877f17a
63844295022385;6083444;10;100;1,1E-05;c70877f17a
63844295022618;6083711;10;100;4,6E-05;c70877f17a
63844295023452;6084177;10;100;0,000445;c70877f17a
63844295024518;6085377;10;100;0,000207;c70877f17a
63844295024752;6085777;10;100;5,4E-05;c70877f17a
63844295025920;6086644;10;100;7,1E-05;c70877f17a
63844295026020;6087111;10;100;0,00011;c70877f17a
63844295026618;6087311;10;100;0,000249;c70877f17a
63844295027051;6088044;10;100;0,000195;c70877f17a
63844295028185;6088710;10;100;7E-05;c70877f17a
63844295028451;6089444;10;100;5,5E-05;c70877f17a
63844295028985;6089844;10;100;0,000354;c70877f17a
63844295029685;6090577;10;100;0,000347;c70877f17a
63844295030651;6091510;10;100;0,000138;c70877f17a
63844295031053;6092043;10;100;0,000228;c70877f17a
63844295031752;6092644;10;100;0,000252;c70877f17a
63844295032185;6093177;10;100;9,4E-05;c70877f17a
63844295033018;6093910;10;100;4,1E-05;c70877f17a
63844295033585;6094577;10;100;9,1E-05;c70877f17a
63844295034152;6095110;10;100;5,1E-05;c70877f17a
63844295034518;6095376;10;100;8,8E-05;c70877f17a
63844295034918;6095776;10;100;0,000371;c70877f17a
63844295036185;6096976;10;100;0,000182;c70877f17a
63844295037785;6098310;10;100;0,000178;c70877f17a
63844295037918;6098710;10;100;2E-06;c70877f17a
63844295038618;6099510;10;100;5,8E-05;c70877f17a
63844295039252;6100243;10;100;5E-06;c70877f17a
63844295040185;6100509;10;100;0,000261;c70877f17a
63844295040451;6101376;10;100;0,000113;c70877f17a
63844295040952;6102043;10;100;5,1E-05;c70877f17a
63844295041318;6102376;10;100;5,3E-05;c70877f17a
63844295041651;6102643;10;100;0,000164;c70877f17a
63844295042685;6103643;10;100;0,0001;c70877f17a
63844295043052;6104109;10;100;6,4E-05;c70877f17a
63844295043385;6104309;10;100;9,7E-05;c70877f17a
63844295043885;6104709;10;100;0,000306;c70877f17a
63844295044385;6105442;10;100;4,3E-05;c70877f17a
63844295045284;6106176;10;100;0,00014;c70877f17a
63844295045918;6106975;10;100;3E-05;c70877f17a
63844295046118;6107175;10;100;4,3E-05;c70877f17a
63844295046585;6107509;10;100;0,000182;c70877f17a
63844295047485;6107976;10;100;0,000119;c70877f17a
63844295047818;6108775;10;100;0,000154;c70877f17a
63844295048118;6109109;10;100;5,7E-05;c70877f17a
63844295048319;6109375;10;100;0,000167;c70877f17a
63844295048918;6109909;10;100;0,000208;c70877f17a
63844295049818;6110709;10;100;4,1E-05;c70877f17a
63844295050251;6111108;10;100;0,000117;c70877f17a
63844295050551;6111575;10;100;0,000156;c70877f17a
63844295050851;6111842;10;100;3E-06;c70877f17a
63844295051251;6112108;10;100;0,000221;c70877f17a
63844295052218;6112841;10;100;6,6E-05;c70877f17a
63844295052285;6113108;10;100;4,9E-05;c70877f17a
63844295052751;6113508;10;100;0,000296;c70877f17a
63844295053651;6114574;10;100;9,8E-05;c70877f17a
63844295054652;6115575;10;100;9,3E-05;c70877f17a
63844295054884;6115907;10;100;7,6E-05;c70877f17a
63844295055385;6116441;10;100;6,4E-05;c70877f17a
63844295056185;6116975;-10;100;0,000251;c70877f17a
63844295057218;6117908;-10;100;0,000149;c70877f17a
63844295057285;6118307;-10;100;0,000104;c70877f17a
63844295057585;6118575;-10;100;0,000124;c70877f17a
63844295059518;6120108;-10;100;0,000223;c70877f17a
63844295059751;6120774;-10;100;0,000136;c70877f17a
63844295060118;6121174;-10;100;5,1E-05;c70877f17a
63844295060318;6121374;-10;100;9,6E-05;c70877f17a
63844295062018;6122307;-10;100;0,000876;c70877f17a
63844295063784;6124641;-10;100;6,8E-05;c70877f17a
63844295064218;6124907;-10;100;4,3E-05;c70877f17a
63844295064451;6125506;-10;100;1,1E-05;c70877f17a
63844295064851;6125840;-10;100;0,000209;c70877f17a
63844295065251;6126306;-10;100;9,8E-05;c70877f17a
63844295066184;6127174;-10;100;6,6E-05;c70877f17a
63844295066851;6127574;-10;100;5,2E-05;c70877f17a
63844295067051;6127974;-10;100;0,000183;c70877f17a
63844295067251;6128306;-10;100;0,000154;c70877f17a
63844295067751;6128840;-10;100;4,5E-05;c70877f17a
63844295068084;6129106;-10;100;3,8E-05;c70877f17a
63844295069085;6130039;-10;100;0,000116;c70877f17a
63844295069584;6130639;-10;100;6,5E-05;c70877f17a
63844295070018;6130839;-10;100;0,000298;c70877f17a
63844295070317;6131439;-10;100;7,1E-05;c70877f17a
63844295070918;6131772;-10;100;0,000206;c70877f17a
63844295071517;6132306;-10;100;0,000177;c70877f17a
63844295071851;6132906;-10;100;0,000157;c70877f17a
63844295072051;6133172;-10;100;0,000108;c70877f17a
63844295072718;6133639;-10;100;0,000172;c70877f17a
