User_ID;Trainingsversion;Application_Start;Endtime_R1;Duration_R1;Number_packages_R1;Number_wrong_packages_R1;Instruction_requests_R1;Average_trend_R1;Average_trend_intensity_R1;Difficulty_adjustment_R1;Assistance_R1;Average_pupil_diameter_R1;Fixation_time_R1;Blink_rate_average_R1;Saccade_amplitude_average_R1;Saccade_velocity_average_R1;HR_average_R1;RMSSD_R1;SDNN_R1;SCR_amplitude_average_R1;SCR_rise_time_average_R1;SCR_frequency_average_R1;SCL_average_R1;SCR_amplitude_assistance_average_R1;SCR_rise_time_assistance_average_R1;Answer_Q1_R1;Answer_Q2_R1;Endtime_R2;Duration_R2;Number_packages_R2;Number_wrong_packages_R2;Instruction_requests_R2;Average_trend_R2;Average_trend_intensity_R2;Difficulty_adjustment_R2;Assistance_R2;Average_pupil_diameter_R2;Fixation_time_R2;Blink_rate_average_R2;Saccade_amplitude_average_R2;Saccade_velocity_average_R2;HR_average_R2;RMSSD_R2;SDNN_R2;SCR_amplitude_average_R2;SCR_rise_time_average_R2;SCR_frequency_average_R2;SCL_average_R2;SCR_amplitude_assistance_average_R2;SCR_rise_time_assistance_average_R2;Answer_Q1_R2;Answer_Q2_R2;Endtime_R3;Duration_R3;Number_packages_R3;Number_wrong_packages_R3;Instruction_requests_R3;Average_trend_R3;Average_trend_intensity_R3;Difficulty_adjustment_R3;Assistance_R3;Average_pupil_diameter_R3;Fixation_time_R3;Blink_rate_average_R3;Saccade_amplitude_average_R3;Saccade_velocity_average_R3;HR_average_R3;RMSSD_R3;SDNN_R3;SCR_amplitude_average_R3;SCR_rise_time_average_R3;SCR_frequency_average_R3;SCL_average_R3;SCR_amplitude_assistance_average_R3;SCR_rise_time_assistance_average_R3;Answer_Q1_R3;Answer_Q2_R3;Endtime_R4;Duration_R4;Number_packages_R4;Number_wrong_packages_R4;Instruction_requests_R4;Average_trend_R4;Average_trend_intensity_R4;Difficulty_adjustment_R4;Assistance_R4;Average_pupil_diameter_R4;Fixation_time_R4;Blink_rate_average_R4;Saccade_amplitude_average_R4;Saccade_velocity_average_R4;HR_average_R4;RMSSD_R4;SDNN_R4;SCR_amplitude_average_R4;SCR_rise_time_average_R4;SCR_frequency_average_R4;SCL_average_R4;SCR_amplitude_assistance_average_R4;SCR_rise_time_assistance_average_R4;Answer_Q1_R4;Answer_Q2_R4;Endtime_R5;Duration_R5;Number_packages_R5;Number_wrong_packages_R5;Instruction_requests_R5;Average_trend_R5;Average_trend_intensity_R5;Difficulty_adjustment_R5;Assistance_R5;Average_pupil_diameter_R5;Fixation_time_R5;Blink_rate_average_R5;Saccade_amplitude_average_R5;Saccade_velocity_average_R5;HR_average_R5;RMSSD_R5;SDNN_R5;SCR_amplitude_average_R5;SCR_rise_time_average_R5;SCR_frequency_average_R5;SCL_average_R5;SCR_amplitude_assistance_average_R5;SCR_rise_time_assistance_average_R5;Answer_Q1_R5;Answer_Q2_R5;Endtime_R6;Duration_R6;Number_packages_R6;Number_wrong_packages_R6;Instruction_requests_R6;Average_trend_R6;Average_trend_intensity_R6;Difficulty_adjustment_R6;Assistance_R6;Average_pupil_diameter_R6;Fixation_time_R6;Blink_rate_average_R6;Saccade_amplitude_average_R6;Saccade_velocity_average_R6;HR_average_R6;RMSSD_R6;SDNN_R6;SCR_amplitude_average_R6;SCR_rise_time_average_R6;SCR_frequency_average_R6;SCL_average_R6;SCR_amplitude_assistance_average_R6;SCR_rise_time_assistance_average_R6;Answer_Q1_R6;Answer_Q2_R6;Endtime_R7;Duration_R7;Number_packages_R7;Number_wrong_packages_R7;Instruction_requests_R7;Average_trend_R7;Average_trend_intensity_R7;Difficulty_adjustment_R7;Assistance_R7;Average_pupil_diameter_R7;Fixation_time_R7;Blink_rate_average_R7;Saccade_amplitude_average_R7;Saccade_velocity_average_R7;HR_average_R7;RMSSD_R7;SDNN_R7;SCR_amplitude_average_R7;SCR_rise_time_average_R7;SCR_frequency_average_R7;SCL_average_R7;SCR_amplitude_assistance_average_R7;SCR_rise_time_assistance_average_R7;Answer_Q1_R7;Answer_Q2_R7;Endtime_R8;Duration_R8;Number_packages_R8;Number_wrong_packages_R8;Instruction_requests_R8;Average_trend_R8;Average_trend_intensity_R8;Difficulty_adjustment_R8;Assistance_R8;Average_pupil_diameter_R8;Fixation_time_R8;Blink_rate_average_R8;Saccade_amplitude_average_R8;Saccade_velocity_average_R8;HR_average_R8;RMSSD_R8;SDNN_R8;SCR_amplitude_average_R8;SCR_rise_time_average_R8;SCR_frequency_average_R8;SCL_average_R8;SCR_amplitude_assistance_average_R8;SCR_rise_time_assistance_average_R8;Answer_Q1_R8;Answer_Q2_R8;Endtime_R9;Duration_R9;Number_packages_R9;Number_wrong_packages_R9;Instruction_requests_R9;Average_trend_R9;Average_trend_intensity_R9;Difficulty_adjustment_R9;Assistance_R9;Average_pupil_diameter_R9;Fixation_time_R9;Blink_rate_average_R9;Saccade_amplitude_average_R9;Saccade_velocity_average_R9;HR_average_R9;RMSSD_R9;SDNN_R9;SCR_amplitude_average_R9;SCR_rise_time_average_R9;SCR_frequency_average_R9;SCL_average_R9;SCR_amplitude_assistance_average_R9;SCR_rise_time_assistance_average_R9;Answer_Q1_R9;Answer_Q2_R9;Endtime_R10;Duration_R10;Number_packages_R10;Number_wrong_packages_R10;Instruction_requests_R10;Average_trend_R10;Average_trend_intensity_R10;Difficulty_adjustment_R10;Assistance_R10;Average_pupil_diameter_R10;Fixation_time_R10;Blink_rate_average_R10;Saccade_amplitude_average_R10;Saccade_velocity_average_R10;HR_average_R10;RMSSD_R10;SDNN_R10;SCR_amplitude_average_R10;SCR_rise_time_average_R10;SCR_frequency_average_R10;SCL_average_R10;SCR_amplitude_assistance_average_R10;SCR_rise_time_assistance_average_R10;Answer_Q1_R10;Answer_Q2_R10;Endtime_R11;Duration_R11;Number_packages_R11;Number_wrong_packages_R11;Instruction_requests_R11;Average_trend_R11;Average_trend_intensity_R11;Difficulty_adjustment_R11;Assistance_R11;Average_pupil_diameter_R11;Fixation_time_R11;Blink_rate_average_R11;Saccade_amplitude_average_R11;Saccade_velocity_average_R11;HR_average_R11;RMSSD_R11;SDNN_R11;SCR_amplitude_average_R11;SCR_rise_time_average_R11;SCR_frequency_average_R11;SCL_average_R11;SCR_amplitude_assistance_average_R11;SCR_rise_time_assistance_average_R11;Answer_Q1_R11;Answer_Q2_R11
62be6f86c1;Adaptive;2024-02-19-18-36;6,3844E+13;85563;3;0;0;0;0;0;0;6,3401;0;2;7,959365;166,364;47,94382;2082,708;1432,071;0,07009339;0,3357144;15,35661;-19031,45;0,04932081;0,3238097;4;3;6,3844E+13;141661;4;1;4;44,64923;0;0;0;6,272028;6484;8,222222;8,412848;179,1588;54,49438;1511,116;1123,071;0,1448685;0,3;2,505689;-19350,52;;;5;5;6,3844E+13;164056;5;1;3;473,3749;1,331805;-1;0;5,076761;127;4,8;8,807637;181,2521;57,7766;1874,22;1341,512;0,024536;0,4;0,02164455;-19445,99;;;5;5;6,3844E+13;83146;4;1;2;98,64068;1,086531;-1;0;6,020571;166;7,5;8,419425;171,8441;67,69231;1187,349;806,1643;0,024536;0,4;9,41E-05;-19463,46;;;3;5;6,3844E+13;68939;3;1;1;-107,5867;-3,834916;1;0;5,723449;1931;2,5;8,328762;175,1658;82,83334;900,5655;621,4177;0,024536;0,4;0;-19477,64;;;3;4;6,3844E+13;75266;4;0;1;-135,4374;-0,5135214;0;0,3636942;6,211421;3105;5;8,341745;181,217;80,97059;1140,717;829,9409;0,024536;0,4;0;-19470,28;;;3;3;6,3844E+13;47475;4;0;1;84,62623;0,8001421;0;0;6,206523;1812;5,833333;8,117745;174,4866;80,31707;1270,871;962,9032;0,024536;0,4;0;-19490,11;;;3;4;6,3844E+13;48954;4;0;1;-268,281;-1,930906;1;0;6,303643;4450;6,285714;8,774839;174,5178;78,825;1657,887;1148,598;0,024536;0,4;0;-19496,23;;;2;4;6,3844E+13;71071;5;0;1;-121,325;-24,67516;1;0,0663008;6,457937;5997;6,5;9,074017;183,9277;67,48;1542,022;1130,624;0,024536;0,4;0;-19517,86;;;3;4;6,3844E+13;35658;3;0;0;351,1342;0,8499684;0;0;5,639278;1200;5;9,998528;177,7934;60,54546;1949,343;1303,355;0,024536;0,4;0;-19520,15;;;1;3;6,3844E+13;90053;7;0;1;-279,6678;-0,6264297;0;0;6,322354;5214;7;9,437301;185,8504;95,23684;1551,143;1074,209;0,024536;0,4;0;-19515,39;;;3;4
08c00ca162;NonAdaptive;2024-02-20-13-04;6,3844E+13;43065;3;0;0;0;0;0;0;4,965502;1051;0;10,66122;192,4169;0;0;0;0;0;0;0;0,000905771;0,2295082;1;2;6,3844E+13;81342;4;1;1;-1094,077;0;0;0;5,337688;488;1;9,223007;186,8378;45;1110;0;0,021332;1,8;30,2423;-12102;0,0006721;0,2600001;2;3;6,3844E+13;81691;5;1;2;-349,919;-0,1263167;0;0;5,497426;1239;1;9,142182;189,8076;81,33334;2068,025;1564,501;0,001174844;0,2189603;31,59401;-13060,86;0,002130667;0,3111112;3;3;6,3844E+13;27190;3;0;0;202,8881;1,389987;-1;0,4748352;4,847893;68;1;9,580883;196,1713;65,6;1143,114;834,0648;0,000493727;0,2060607;48,43457;-13446,19;0,001039357;0,2380953;2;1;6,3844E+13;47120;4;0;0;-209,5542;-0,3381611;0;0;5,083704;611;1,5;9,689709;187,6712;53,69231;2148,312;1512,525;0,001240531;0,2666667;32,91644;-13714,94;0,001037222;0,2296299;2;1;6,3844E+13;58328;5;0;0;82,70889;-0,2645497;0;0;5,340699;966;4;9,656288;189,7077;82,76363;1064,575;714,1472;0,001133639;0,2351852;39,33467;-14280,76;0,0033963;0,3200003;2;2;6,3844E+13;68620;6;0;1;-111,8325;0,2185384;0;0,6114331;5,326668;944;3;9,275582;183,8294;103,907;1743,441;1227,747;0,000784484;0,1718751;58,95942;-14500,24;0,001214182;0,1575759;3;2;6,3844E+13;82614;6;1;2;-163,5333;-2,736934;1;0;5,482507;703;1;10,11301;189,508;60,33333;2195,929;1756,501;0,004507673;0,2789117;37,56687;-15653,18;0,001117833;0,1222223;4;3;6,3844E+13;82132;7;0;1;-38,41784;0,1559431;0;0;5,264092;693;1;8,902861;179,6256;55,27273;2080,751;1335,948;0,00167017;0,1572327;37,92128;-16665,97;0,0175615;0,4666665;3;2;6,3844E+13;24470;3;0;0;199,5084;-8,976557;1;0,885475;4,314715;0;1;10,70885;203,4429;92,88235;924,6716;728,479;0,002671;0,2461539;27,73787;-16729,36;;;1;1;6,3844E+13;105423;7;2;2;-354,1787;0,814603;0;0,885475;5,046637;3441;1;9,470612;187,7162;80,03658;1370,178;960,7233;0,003152618;0,1927273;30,40817;-16868,22;;;3;4
6e4d7fa8b2;NonAdaptive;2024-02-20-14-24;6,3844E+13;110593;3;2;0;0;0;0;0;6,615041;0;1;9,305092;187,0674;77,06792;1035,855;781,6389;0,03145152;0,2913043;18,05222;-18880,6;0,009639;0,2199999;3;4;6,3844E+13;91451;4;1;0;35,30675;0;0;0;6,189303;73;1;8,422708;183,5202;63;1540;0;0,018535;0,466667;3,5176;-18710,4;;;3;3;6,3844E+13;115353;5;0;1;-128,7909;-0,3666405;0;0;6,467889;82;2,5;8,959503;192,5487;60,04587;1472,653;1073,072;0,03728972;0,2053334;10,39276;-19234,06;;;3;3;6,3844E+13;53173;3;0;0;121,6354;-0,9676629;0;0;6,094844;151;1;9,418872;190,2957;63;1540;0;0,018535;0,466667;3,5176;-18710,4;;;2;3;6,3844E+13;113661;4;2;1;-19,96345;-0,4630561;0;0,6367242;6,415432;399;1;8,464875;183,1317;63;1540;0;0,018535;0,466667;3,5176;-18710,4;;;3;4;6,3844E+13;125922;5;1;1;-78,62061;-0,08400223;0;0;6,51744;0;2;8,61451;189,6371;68,01598;1334,074;948,2349;0,04955417;0,1666668;0,9270151;-19305,14;;;4;4;6,3844E+13;123492;6;0;1;-131,7373;-0,3685815;0;0,039899;6,696026;743;7;9,057199;200,4521;65,75325;1840,597;1253,146;0,0867834;0,28;3,368135;-19315,8;;;4;5;6,3844E+13;139560;6;2;1;57,41606;0,5055557;0;0,3256122;6,472746;239;1;9,029901;198,849;63;1719,005;1167,513;0,1568727;0,25;2,072303;-19341,44;;;4;5;6,3844E+13;165893;7;1;1;50,23358;-3,389526;1;0;6,631333;71;3,428571;8,220786;186,5684;63,08475;1417,984;1037,007;0,485578;0,4;0,3128157;-19347,78;;;5;5;6,3844E+13;47420;3;0;0;35,99316;15,34624;-1;0,466973;5,430056;158;7;8,984613;192,5035;79,60976;1140,851;799,9764;0,018535;0,466667;0,330066;-19347,7;;;5;5;6,3844E+13;101936;7;1;1;-119,3034;-1,039601;1;0,466973;6,582703;177;1;8,866745;195,9696;62,1017;1997,385;1337,212;0,274735;0,3333335;1,38724;-19354,05;;;4;5
dd6f89690d;Adaptive;2024-02-20-17-14;6,3844E+13;51579;3;0;0;0;0;0;0;4,57774;3335;1;9,510944;169,9618;0;0;0;0;0;0;0;0,000176144;0,1507042;2;3;6,3844E+13;49381;4;0;0;-1204,313;0;0;0;4,795068;285;1;9,003078;160,832;71,42105;3108,113;2061,78;0,000125079;0,1912282;55,35974;-9418,469;;;3;3;6,3844E+13;107694;5;1;3;-46,07926;0,01056649;0;0;5,163106;809;5,5;9,100089;161,2019;55,42308;2644,49;1894,276;0,000137461;0,1522875;58,68059;-10061,23;;;4;5;6,3844E+13;101518;5;2;2;-169,2065;-5,339406;1;0,9147366;5,359443;8981;4,5;9,683437;174,9076;28;830;0;0,000154;0,4;112,2725;-7641,8;;;5;5;6,3844E+13;124630;6;1;5;682,223;-0,0216072;0;0;5,522298;798;2;9,478697;174,1001;28;830;0;0,000154;0,4;112,2725;-7641,8;;;6;6;6,3844E+13;79022;6;1;1;66,10163;-1,176006;1;0,15570538;5,173494;11;1;9,868548;168,1419;28;830;0;0,000154;0,4;112,2725;-7641,8;;;4;4;6,3844E+13;130776;7;2;1;-636,9812;-0,3024832;0;0,15850552;5,288595;163;2,5;9,699657;171,5609;61,76587;2343,244;1585,116;0,000176144;0,1507042;38,59438;-11990,42;;;5;5;6,3844E+13;97576;7;2;2;565,2082;-0,8233494;0;0,13573394;5,429178;867;5,444445;9,355311;169,7426;28;830;0;0,000154;0,4;112,2725;-7641,8;;;4;4;6,3844E+13;86953;7;0;1;47,57533;0,7527019;0;0;5,499357;292;1;9,980384;177,7281;28;830;0;0,000154;0,4;112,2725;-7641,8;;;3;3;6,3844E+13;29847;3;1;0;1,920292;-0,8865194;0;0,2826178;5,03615;277;3;9,829513;167,3723;28;830;0;0,000154;0,4;112,2725;-7641,8;;;2;1;6,3844E+13;69811;7;0;1;-46,57655;2,694129;-1;0,2826178;5,329104;827;4,8;10,20915;174,4042;28;830;0;0,000154;0,4;112,2725;-7641,8;;;2;2
368275a985;Adaptive;2024-02-22-17-46;6,38442E+13;30556;3;0;0;0;0;0;0;6,301841;97;0;8,301846;187,0936;87,57407;1835,394;1324,2;0,4488789;0,2190477;9,51837;-19446,24;0,5082884;0,2303031;2;2;6,38442E+13;55404;4;1;2;89,04169;0;0;0;5,568189;2434;1,5;8,156506;185,2268;74,82609;1247,257;823,9662;0,2526828;0,188889;7,160281;-19451,29;0,0670805;0,166667;2;2;6,38442E+13;91102;5;2;3;-235,8237;-0,6081036;0;0,5;6,158878;5138;1;7,989615;177,6633;81,61446;1318,63;839,5399;1,458024;0,328205;8,891405;-19508,92;0,6066434;0,2416665;4;4;6,38442E+13;56427;5;0;1;157,4489;-0,1596606;0;0,5372149;5,881525;3274;3;7,917924;171,0784;75,48936;1243,547;863,1176;0,6443046;0,1333333;5,861382;-19529,25;;;3;3;6,38442E+13;53207;5;1;1;5,966552;0,7953334;0;0,6205994;5,921175;3263;2;8,282458;186,4231;60,92105;1177,883;861,0728;0,346516;0,2;1,364845;-19502,39;;;3;3;6,38442E+13;39376;5;0;0;-58,12782;13,01874;-1;0,4439378;6,05616;3271;3;7,72693;181,8817;80,48276;1605,288;1154,551;0,346516;0,2;0,203828;-19493,68;;;2;2;6,38442E+13;33338;4;1;0;173,0055;14,80153;-1;0,4015952;5,560477;1825;4,333333;8,658126;190,3204;91,68965;1211,526;889,3629;1,630373;0,2444447;4,908064;-19528,6;;;2;2;6,38442E+13;33213;3;0;0;-41,71969;0,2581703;0;0,5998614;5,256338;1415;4;7,907641;176,4353;84,32;1765,635;1241,253;0,346516;0,2;3,608181;-19537,91;;;1;1;6,38442E+13;23033;3;0;0;-10,12561;0,2891201;0;0,5080965;5,502735;1597;3;8,534668;178,7097;69,9375;1827,339;1110,792;0,65782;0,066667;1,063335;-19527,77;;;1;1;6,38442E+13;24694;3;0;0;166,6291;0,4455468;0;0,5;5,290093;737;2;8,654051;189,7966;61,11111;1020,662;747,0405;0,346516;0,2;1,510303;-19539,67;;;1;1;6,38442E+13;65643;7;0;1;-355,0215;0,03445815;0;0,5;6,014484;3942;3,5;8,460534;189,1173;80,41177;1715,138;1121,706;0,733637;0,2;0,6292437;-19544,69;;;3;2
6f7e481ac0;Adaptive;2024-02-22-19-31;6,38442E+13;39120;3;0;0;0;0;0;0;4,671143;96;1;7,773342;166,5439;70,77778;1037,087;730,0666;0,010269;0,4444443;7,919641;-18137,86;0,025166;0,866667;3;3;6,38442E+13;69715;4;0;0;-18,92001;0;0;0;4,661731;1045;1;7,819379;173,9911;71,83334;1160,527;804,9684;0,02294178;0,4074073;4,945614;-18157,12;0,00244;0,1777777;2;2;6,38442E+13;86125;5;0;0;73,74805;-2,183264;1;0;4,850452;34;3,333333;8,042304;177,7081;76,19736;1209,967;895,9612;0,01339;0,4133334;7,194319;-18143,23;0,0034016;0,2533334;2;2;6,38442E+13;94480;6;0;3;-709,1712;1,178991;-1;0,4951297;4,820229;8555;3;8,446259;183,097;72,10126;1164,563;801,7158;0,0345125;0,5238096;7,57191;-18262,86;0,00667125;0,2666667;3;2;6,38442E+13;61359;5;0;1;698,4643;0,4614811;0;0,7444549;4,780553;200;3;8,415967;187,8639;84,94444;1029,724;891,6182;0,016979;0,3333335;11,91577;-18293,43;0,063477;0,733333;3;2;6,38442E+13;79368;5;1;2;-22,46857;-1,278416;1;0,6006989;4,82962;389;5;7,996104;180,0709;83,19718;1127,9;777,9604;0,05810536;0,6545455;8,002848;-18390,5;0,144277;0,9;3;2;6,38442E+13;94766;6;1;2;53,81256;0,2595617;0;0,2439348;4,986663;0;6;7,685579;175,7567;88,7234;890,5252;691,0205;0,07298182;0,6606061;8,058876;-18467,45;0,260324;2,2;4;2;6,38442E+13;64631;6;0;0;-144,9226;0,7660283;0;0;4,851612;1400;2,5;7,588053;174,6007;90,32836;1090,706;772,5846;0,08577867;0,8555557;6,245323;-18529,39;0,0243548;0,48;1;1;6,38442E+13;96257;6;0;3;63,48227;1,186393;-1;0;4,834569;533;1,5;8,392094;183,4694;87,75;1120,625;726,8;0,08739714;0,6311111;9,401587;-18642,13;0,01888067;0,4;3;2;6,38442E+13;44829;3;0;0;-77,84698;-3,528044;1;0,182725;4,688328;901;1;8,699876;195,922;79,85714;1451,597;977,2145;0,01333733;0,4;4,871851;-18601,78;;;1;1;6,38442E+13;96561;7;0;3;-60,31297;-0,2378265;0;0,182725;4,940727;2600;1;8,797269;186,1818;86,89362;901,4504;627,9271;0,03002433;0,5666667;3,447909;-18541,66;;;3;3
8cf2a7d56a;NonAdaptive;2024-02-22-20-23;6,38442E+13;85872;3;1;1;0;0;0;0;3,778324;5490;2;9,036826;198,1218;97,34615;1881,683;1387,186;0;0;0;-19346,97;;;3;3;6,38442E+13;53840;4;0;0;35,11568;0;0;0;3,6841;5501;1;9,580081;200,8335;105,4909;1676,766;1190,196;0;0;0;-19333,38;;;3;2;6,38442E+13;91669;5;1;0;-314,6649;-35,6516;1;1;3,692222;10140;2;9,232897;193,8706;101,47;1163,098;850,129;0;0;0;-19326,39;;;3;4;6,38442E+13;42177;3;0;0;748,3004;1,507689;-1;0;3,797613;163;1;8,978084;195,3552;85,48387;1742,974;1266,608;0;0;0;-19311,32;;;3;2;6,38442E+13;55473;4;0;0;-486,0687;-0,4713316;0;0,2883632;3,693788;4133;2;8,987782;189,4827;70;4820;0;0;0;0;-19353;;;3;3;6,38442E+13;60988;5;0;0;-351,5055;2,925744;-1;0,1971544;3,812351;8356;1;8,571804;186,0831;70;4820;0;0;0;0;-19353;;;3;2;6,38442E+13;140847;6;3;1;207,2505;-0,3861153;0;0;3,829523;5867;1;8,591137;188,075;70;4820;0;0;0;0;-19353;;;3;4;6,38442E+13;104702;6;2;0;457,2937;-4,505115;1;0;3,5577;378;2;9,136294;187,7329;70;4820;0;0;0;0;-19353;;;3;5;6,38442E+13;78118;7;0;1;-1146,143;2,444259;-1;0,8957;3,979688;14122;1;8,964744;199,043;70;4820;0;0;0;0;-19353;;;4;4;6,38442E+13;58983;3;0;1;906,1851;0,004150002;0;0;4,91153;3245;4,833333;8,83058;199,0553;70;4820;0;0;0;0;-19353;;;3;4;6,38442E+13;111759;7;1;1;-900,5956;4,455551;-1;0;3,890635;14055;1,5;8,997812;198,3478;70;4820;0;0;0;0;-19353;;;4;4
c70877f17a;Adaptive;2024-02-23-14-07;6,38443E+13;38817;3;1;0;0;0;0;0;5,037373;882;9,5;10,42757;181,3996;64,22222;828,9494;570,2904;4,14E-05;0,3078788;78,94452;18724,94;5,21E-05;0,4095239;2;2;6,38443E+13;47568;4;1;0;-312,9431;0;0;0;4,73259;534;20,125;9,398602;180,9133;68,94872;1271,216;895,124;4,79E-05;0,2824242;71,39823;15748,67;5,09E-05;0,3215686;3;4;6,38443E+13;57873;5;0;0;-287,2734;-1,340845;1;0,5;5,193532;667;11,81818;9,563657;170,5899;88,33962;1587,072;1127,269;6,17E-05;0,2935484;71,3508;12944,11;4,66E-05;0,2493827;3;3;6,38443E+13;88924;6;2;0;-439,2235;26,76328;-1;0,249999;5,260595;2811;29,16667;9,409383;173,0041;71,5;1745,972;1233,13;6,09E-05;0,2625429;55,34053;10134,62;4,78E-05;0,2571429;4;4;6,38443E+13;55691;5;1;0;28,01947;0,09489801;0;0;5,115866;611;23,89474;9,458933;172,6931;79,87755;1402,907;1023,354;6,26E-05;0,2605129;66,55971;7693,023;6,47E-05;0,2571428;2;3;6,38443E+13;47200;5;0;0;-616,0651;-0,06922942;0;0;4,99454;5866;10;9,706534;171,8034;83,61905;1616,946;1119,773;5,55E-05;0,2455026;77,50909;5836,608;6,11E-05;0,263492;1;2;6,38443E+13;53682;5;0;0;66,50408;0,5807875;0;0;5,138684;2546;5;9,073405;176,003;88,33929;1841,574;1583,192;5,14E-05;0,2206667;98,96275;3974,978;4,72E-05;0,2018519;2;3;6,38443E+13;93396;5;2;1;54,63269;0,2344328;0;0,7249497;5,011292;623;10,85714;9,5348;181,1803;78,67391;989,4327;816,1391;6,33E-05;0,203352;116,8504;1091,794;5,09E-05;0,1871346;4;5;6,38443E+13;66136;5;2;0;-316,7131;0,232197;0;0;5,147496;234;8,363636;9,713621;179,3279;79,40678;1750,928;1310,78;0,000108195;0,2342183;102,8064;-1832,65;9,78E-05;0,2416667;4;2;6,38443E+13;25704;3;0;0;-36,15578;-0,9642499;0;0,3144556;4,780932;232;10;9,718723;165,3145;76,125;1059,434;718,4385;0,000111182;0,2242424;101,3869;-3559,649;9,71E-05;0,184127;2;1;6,38443E+13;103949;7;1;2;-229,8804;13,80359;-1;0,3144556;5,265248;765;15,90909;10,21607;190,0718;79;1131,725;769,5279;0,000118139;0,1996564;109,233;-5641,851;0,000110804;0,1882353;5;6
c9422ef353;NonAdaptive;2024-02-23-16-50;6,38443E+13;57643;3;0;0;0;0;0;0;4,640168;2312;0;9,511655;193,4312;53,78378;1516,412;1231,03;0,001535098;0,3071896;51,68887;-12917,06;0,0011386;0,2600001;2;3;6,38443E+13;67919;4;0;0;-212,6079;0;0;0;4,500878;285;0;8,735516;178,5506;58,43182;1538,116;1045,959;0,004673128;0,3702128;33,91636;-15634,32;0,002336292;0,3277779;4;4;6,38443E+13;102180;5;1;0;-175,6229;0,7969167;0;0;4,966555;1624;0;8,380072;171,3239;51,64615;1249,051;928,7966;0,00529583;0,3144655;30,03577;-16806,35;0,006428;0,3929826;5;4;6,38443E+13;45443;3;0;0;-360,7517;0,4941149;0;0,6031752;4,513867;5168;0;9,541075;200,8214;65,86207;1502,304;1113,263;0,003634227;0,2303032;27,22699;-17133,86;0,00444925;0,2250001;1;2;6,38443E+13;61846;4;0;0;35,3069;-0,3826375;0;0;4,573853;4175;0;9,531562;182,8211;65,86842;1540,391;1325,391;0,01650888;0,4980392;16,3443;-17460,43;0,0146852;0,5200002;2;3;6,38443E+13;75655;5;0;0;-316,8972;68,32587;-1;0;4,937021;8298;0;9,30956;189,1951;71,07143;1197,087;951,524;0,01743868;0,4491228;15,00935;-17855,4;0,01596;0,4666668;3;4;6,38443E+13;135207;6;1;1;-407,4431;-0,2278778;0;0;5,121128;12301;0;9,426724;194,4364;71,5914;1518,48;1200,434;0,01219426;0,3285716;19,41623;-18171,04;0,01565183;0,4444447;5;5;6,38443E+13;119239;6;1;1;53,29494;2,508968;-1;0,1619848;5,190946;11968;0;9,135413;188,5166;83,51041;1269,255;918,6801;0,01735006;0,3352941;17,11168;-18411,39;0,0160285;0,3533333;6;5;6,38443E+13;102281;7;0;1;-272,9729;1,428011;-1;0;5,119856;13797;0;9,503084;199,0124;73,95834;2004,705;1398,022;0,02285092;0,3416668;15,0606;-18620,75;0,0296356;0,4266666;6;6;6,38443E+13;41467;3;0;0;895,3239;1,623653;-1;0,3709139;4,701828;4666;0;9,336386;188,8755;69,90909;943,3387;743,5531;0,02364678;0,3333333;9,668736;-18724,13;0,01747625;0,2666667;2;3;6,38443E+13;95764;7;0;1;-900,8569;0,7631574;0;0,3709139;4,993074;13952;0;9,085176;190,0333;60,375;1733,548;1372,24;0,01540936;0,2242426;6,76595;-18816,35;0,030217;0,533333;4;5
264a9fb729;NonAdaptive;2024-02-23-18-35;6,38443E+13;61427;3;2;1;0;0;0;0;4,538236;212;1;10,63474;174,2916;44,4375;1184,467;1237,466;0,000958269;0,2794872;27,84211;-6490,146;0,000723;0,2571429;2;2;6,38443E+13;44814;4;0;1;-20,39007;0;0;0;4,267493;56;2,5;11,04771;178,942;93,75;1965,483;1636,348;0,000629553;0,2368422;46,32637;-5616,119;0,000202647;0,1450981;3;2;6,38443E+13;88264;5;4;1;-967,8406;1,413025;-1;0,5;4,708431;5572;11,25;9,941398;178,6321;57,05882;4096,742;2703,184;0,001341059;0,2967319;33,07349;-8459,336;0,001219833;0,2666667;3;3;6,38443E+13;30019;3;1;0;429,7057;1,598178;-1;0;4,235754;190;10,90909;9,3987;182,0662;53,46154;2853,755;1758,198;0,006342889;0,2925926;42,76466;-10875,91;0,0206184;0,4266666;2;2;6,38443E+13;61864;4;1;1;-962,6589;-0,4301813;0;0,2184599;4,525334;6178;9,4;10,50004;187,372;35,47368;5561,254;3532,48;0,002707625;0,3277778;23,57972;-11916,29;0,003715;0,3333334;3;2;6,38443E+13;45718;5;0;1;686,1301;-0,2592506;0;0;4,23564;300;7,714286;10,78006;183,7215;54,21429;3719,023;2836,366;0,00101632;0,2346667;32,51224;-12131,42;0,0021972;0,4266668;2;2;6,38443E+13;73573;6;1;2;12,78448;0,5485123;0;0;4,436145;256;17;10,53426;185,6609;81,69444;3762,219;2699,328;0,001051971;0,2392157;25,1017;-12125,14;0,000811833;0,2777779;3;3;6,38443E+13;65414;6;1;2;-339,342;9,013984;-1;0,1018366;4,073713;3980;8;10,60143;186,1134;72,16;3614,574;3211,806;0,001278375;0,2875;33,01791;-12114,96;0,001174;0,3777777;3;4;6,38443E+13;75163;7;1;2;506,0049;-1,440141;1;0;4,443909;212;3,6;10,54457;170,9069;74,12195;2244,936;1818,1;0,002004842;0,2719298;29,91789;-12593,13;0,001075;0,2095239;4;4;6,38443E+13;44537;3;1;1;-332,523;1,18387;-1;0,2372327;3,842708;2190;5,857143;10,9257;181,5089;82,25926;3208,301;2318,745;0,001366182;0,2575756;26,78409;-13132,54;0,001450333;0,2444443;3;3;6,38443E+13;65494;7;0;1;35,22509;-0,4178113;0;0,2372327;4,5639;233;7,818182;11,28838;188,0467;79,44444;4070,535;2622,245;0,001545588;0,2509803;31,0735;-13494,43;0,000525;0,1888888;3;3
c7bd047d00;NonAdaptive;2024-02-26-12-51;6,38445E+13;72935;3;0;2;0;0;0;0;6,271055;2199;2;9,325779;189,9846;65;2452,745;1740,849;0,002838517;0,2804599;23,47639;-14066,23;0,001906083;0,2444446;3;3;6,38445E+13;63034;4;2;0;25,55671;0;0;0;5,503738;3396;3,5;8,200581;182,4357;59,45454;1959,065;1607,051;0,003561333;0,2987655;20,03679;-14385,24;0,000893;0,1925927;4;4;6,38445E+13;85172;5;0;1;-101,9518;0,5306659;0;0;6,083718;3740;5;9,027098;186,4016;37,31034;2838,097;2185,626;0,002922286;0,312381;23,18927;-13782,36;0,001882231;0,2358975;3;3;6,38445E+13;65678;3;1;2;136,4793;-0,2241536;0;0;5,220384;1991;3;8,729912;189,2484;51,48276;2449,74;1971,118;0,009368391;0,3768116;20,42427;-14506,54;0,0018353;0,2733333;4;4;6,38445E+13;85161;4;1;2;-10,77095;0,3188113;0;0;5,604824;1242;4;9,892937;202,0762;45,96667;2634,855;2064,585;0,01368723;0,4757576;16,91986;-15082,69;0,000305333;0,088889;4;4;6,38445E+13;86533;5;1;2;369,9596;1,468456;-1;0;5,423165;126;2;10,03537;202,6687;49;2440;0;0,000913;0,266667;9,6137;-14015,2;;;4;4;6,38445E+13;93898;6;0;3;-168,3932;3,796599;-1;0;5,373044;2165;3,333333;8,235471;184,8039;49;2440;0;0,000913;0,266667;9,6137;-14015,2;;;4;4;6,38445E+13;65608;6;0;1;-53,61828;-0,3223786;0;0;5,388219;2803;1;9,360981;191,4463;49;2440;0;0,000913;0,266667;9,6137;-14015,2;;;3;3;6,38445E+13;90252;7;0;2;40,62906;-1,193227;1;0;5,284926;2301;1,5;9,941819;204,7135;49;2440;0;0,000913;0,266667;9,6137;-14015,2;;;3;3;6,38445E+13;53365;3;1;1;-201,9506;-0,4613986;0;0;5,580386;4716;1;11,03124;212,8268;49;2440;0;0,000913;0,266667;9,6137;-14015,2;;;3;3;6,38446E+13;101087;7;2;2;0,9772852;-0,1205035;0;0;5,478749;4732;1;9,175708;186,8533;49;2440;0;0,000913;0,266667;9,6137;-14015,2;;;4;4
3ea2f30248;NonAdaptive;2024-02-26-14-23;6,38446E+13;41077;3;0;1;0;0;0;0;8,746284;209;0;5,734679;179,2204;0;0;0;0;0;0;0;0,000223077;0,1794871;2;3;6,38446E+13;86283;4;0;1;-1387,306;0;0;0;8,815331;834;0;6,375365;176,9089;59,55263;2550,718;1790,494;0,000221415;0,1886793;39,17896;-12407,05;0,00026848;0,192;2;3;6,38446E+13;67363;5;1;1;128,6022;0,7229435;0;0,5;8,858488;84;0;6,35757;178,1738;83,31035;1629,908;1318,698;0,000717879;0,3030303;52,9826;-13042,9;0,000830857;0,2857141;3;3;6,38446E+13;33545;3;0;0;-118,5142;-0,3825515;0;0;8,791378;12;0;6,232514;174,5728;71,04;1730,435;1127,311;0,000705375;0,2333333;28,79517;-14595,06;0,000748889;0,2666667;2;2;6,38446E+13;34581;4;0;0;-12,33014;0,8620879;0;0,08769019;8,955381;72;0;6,134335;176,5531;56,65217;1490,035;1171,391;0,000625708;0,2361111;31,44716;-14865,89;0,000796125;0,2916665;2;2;6,38446E+13;50590;5;0;0;69,56495;2,846397;-1;0,1284722;8,72537;0;0;5,970499;167,003;69,57143;961,3036;680,7312;0,000982714;0,3047619;31,20539;-15144,73;0,005394667;0,4999998;3;2;6,38446E+13;67183;6;0;1;-128,4732;2,998096;-1;0;8,008684;35;0;5,733027;175,0322;69,53061;1444,281;996,0873;0,004737393;0,4380952;27,70603;-15841,17;0,002271778;0,274074;3;3;6,38446E+13;61517;6;0;1;-254,7436;-3,850602;1;0,2906613;9,005942;1932;0;6,068236;177,2514;69,27907;1681,251;1118,942;0,005424555;0,3407407;26,41275;-16638,07;0,005122529;0,3960785;2;3;6,38446E+13;107580;7;1;3;33,4691;-4,603912;1;0;8,400923;776;0;5,979252;175,2637;85,28735;1645,431;1203,147;0,007002309;0,3714286;22,6878;-17357,84;0,0018745;0,1666669;4;3;6,38446E+13;26679;3;0;0;-276,9964;-1,768085;1;0,4622764;9,064947;3411;1;5,225292;159,7937;73,42105;1921,484;1271,17;0,001620909;0,1575759;24,20774;-17708,04;0,0059678;0,386667;1;1;6,38446E+13;99236;7;2;3;291,8219;-0,5890049;0;0,4622764;7,092142;48;1;5,844656;167,1694;64,73135;1746,26;1196,256;0,009983778;0,3530865;13,70987;-17790,37;;;4;2
36782ec562;Adaptive;2024-02-26-14-57;6,38446E+13;45847;3;0;0;0;0;0;0;5,245022;12;2,5;8,794855;161,0293;72,44898;1026,535;717,1721;0,000292208;0,1944445;49,41576;-9139,814;0,000382929;0,2285714;2;2;6,38446E+13;70645;4;0;0;24,11968;0;0;0;4,969042;1906;3;9,976172;161,5867;86,09333;914,3894;701,3984;0,000589861;0,2232558;32,92136;-8973,238;0,00026375;0,2055555;2;3;6,38446E+13;87060;5;0;0;8,612744;-0,864876;0;0;5,176608;146;3;9,296782;167,8865;84,63095;1093,805;850,3171;0,000170788;0,169697;26,36019;-10288,06;0,000123556;0,1777778;3;3;6,38446E+13;64752;5;0;0;37,8065;-0,2247746;0;0;5,100691;2074;4;9,47055;161,4337;82;600;0;0,000341;0,4;75,6524;-9302,6;0,0001415;0,1400001;4;3;6,38446E+13;117464;5;1;1;-103,6326;-0,2139208;0;0,6728475;5,01727;1466;5;9,946032;170,9809;81,03297;463,5837;347,4311;0,000507375;0,1904762;42,45808;-10897,7;0,001055;0,2714286;4;4;6,38446E+13;85950;5;0;0;-193,2296;-2,399386;1;0;5,414873;2061;1;9,569056;166,1098;114,31;707,2022;528,775;0,000759759;0,2436782;17,53272;-12214,54;0,000156571;0,1142859;4;4;6,38446E+13;83093;6;0;0;171,5865;-0,3728789;0;0;5,325859;0;2,5;9,061503;156,5229;88,3125;764,5239;537,9545;0,000470474;0,1385966;30,84961;-12145,72;0,000208357;0,09523828;3;3;6,38446E+13;83828;6;1;0;-131,1573;-0,7485676;0;0;5,438695;1260;2;9,304899;154,0163;85,70454;888,9684;585,8884;0,00021818;0,1282052;22,65222;-12279,29;0,0001916;0,1066666;4;3;6,38446E+13;61863;6;0;0;-94,37467;-0,3552443;0;0;5,166935;2103;2;9,265006;155,3582;87,35384;908,7709;605,9067;0,000279;0,1484848;25,7336;-12532,15;0,000146667;0,1111112;4;4;6,38446E+13;37918;3;0;0;100,5583;1,225811;-1;0,3074324;4,736635;1092;1;8,918681;153,6929;80,7317;623,3603;441,8763;0,000204316;0,1263159;26,06631;-12782,16;0,0002528;0,1266668;1;1;6,38446E+13;85307;7;0;1;-33,78432;3,138956;-1;0,3074324;5,321442;1062;3;8,77813;147,0995;80,37209;747,3029;525,2021;0,000394608;0,1241831;40,00285;-13029,19;;;4;3
146fbc180f;Adaptive;2024-02-27-14-05;6,38446E+13;37261;3;0;0;0;0;0;0;4,515854;1613;1;10,3929;222,4651;54;3475,925;2465,764;0,023446;0,3;2,387687;-19047,53;0,023446;0,3;2;1;6,38446E+13;67616;4;0;0;-48,55015;0;0;0;4,401439;22;2,75;9,564378;212,215;52;3989,696;2591,591;0,0322114;0,186667;6,567454;-19001,94;0,03487233;0,3111113;2;2;6,38446E+13;109540;5;1;2;-396,5522;-0,1932269;0;0;4,59474;5678;9,352942;9,808237;221,9296;60,59575;3416,813;2273,616;0,0421814;0,3733334;2,900109;-18984,18;0,03074;0,3;3;3;6,38446E+13;82893;5;1;1;-20,52946;0,1565185;0;0;4,568082;2534;4,333333;10,00286;215,6686;50,05;5526,682;3547,691;0,02452062;0,2166668;10,85947;-18998,89;0,006082;0,2;3;3;6,38446E+13;61721;5;0;0;580,6519;0,2390713;0;0;4,550295;167;6,166667;10,09548;217,7878;51,08;2625,177;1825,348;0,0230936;0,2533334;5,12126;-19013,18;0,0256025;0,2666665;1;1;6,38446E+13;56051;5;0;0;-105,4871;1,66577;-1;0;4,527732;44;4;8,708334;205,4008;40,81818;3606,495;2275,861;0,007589;0,166667;2,724851;-18973,35;0,03265933;0,311111;1;1;6,38446E+13;39506;4;0;0;-316,8192;3,51566;-1;0;4,646613;5256;5;9,952889;222,2005;54,33333;2771,429;1716,224;0,003805;0,09999999;2,60659;-18952,29;;;2;2;6,38446E+13;28038;3;0;0;340,1603;-0,6809766;0;0;4,524089;2724;3;10,92492;227,1823;62,07692;1563,662;1407,898;0,006082;0,2;3,36516;-18922,98;;;1;1;6,38446E+13;27284;3;0;0;-73,30338;-0,3367259;0;0,2626244;4,486425;2478;2;11,02521;228,1311;43,4;2437,107;1649,356;0,008507;0,066667;1,370222;-18912,83;;;1;1;6,38446E+13;37232;3;0;0;139,7741;0,9018623;0;0,1826583;4,382225;171;2;10,11858;220,5306;64,29412;2675,549;2070,206;0,0256025;0,2666665;4,769588;-18916,16;;;1;1;6,38446E+13;124188;7;1;2;-626,2245;3,274389;-1;0,1826583;4,752203;8245;8;10,07686;211,7383;55,06779;2173,492;1913,584;0,08037647;0,3764707;19,39475;-19024,3;;;4;5
6f25c69f20;NonAdaptive;2024-02-29-12-52;6,38448E+13;81653;3;0;2;0;0;0;0;;;0;0;0;72,76119;1308,926;951,0503;0,03565345;0,4037038;11,28187;-18455,38;0,02046183;0,3333335;4;4;6,38448E+13;92018;4;0;3;-19,54666;0;0;0;;;0;0;0;51,73214;1317,189;868,6231;0,1016792;0,5629631;11,94154;-18743,96;0,03715417;0,3111112;4;4;6,38448E+13;99124;5;0;1;-99,97022;-5,697431;1;0;;;0;0;0;55,92593;1909,318;1409,737;0,1032604;0,388889;6,512538;-18808,96;0,004304333;0,1111113;3;4;6,38448E+13;56936;3;0;0;92,26888;-2,901027;1;0;;;0;0;0;57,35135;1310,191;969,6158;0,0363172;0,3733334;4,760865;-18740,57;0,001616;0,066667;3;3;6,38448E+13;64075;4;0;0;-91,77377;2,774558;-1;0,5;;;0;0;0;57;1990,153;1572,215;0,000753;0,066667;1,1217;-18554,96;0,101184;1;4;3;6,38448E+13;92747;5;0;2;54,65608;1,221698;-1;0,2321428;;;0;0;0;50,96227;1524,27;1126,432;0,1495644;0,6619048;9,951517;-18814,29;0,343814;0,933333;4;3;6,38448E+13;131176;6;0;2;-255,9834;0,7464781;0;0;;;0;0;0;73,42857;3399,094;2151,373;0,1426223;0,488889;9,467256;-19008,13;0,066393;0,2666668;4;4;6,38448E+13;100105;6;0;1;201,5262;0,9196391;0;0,1248406;;;0;0;0;63,82258;1758,376;1189,164;0,1590627;0,4111112;7,202297;-19180,81;0,1494424;0,4533334;4;4;6,38448E+13;128026;7;1;2;-11,31335;0,3167951;0;0;;;0;0;0;70,36585;1664,473;1349,206;0,1424011;0,4105263;9,638337;-19259,39;0,103311;0,466667;4;4;6,38448E+13;34958;3;0;0;-39,2089;18,22693;-1;0;;;0;0;0;58,52632;2089,649;1350,83;0,1092542;0,288889;8,858878;-19290,32;0,059736;0,2;2;2;6,38448E+13;126636;7;0;1;1,007023;-5,285183;1;0;;;0;0;0;67,14667;1900,115;1469,097;0,109648;0,2142859;8,140671;-19357,33;;;3;3
ebbdb53346;Adaptive;2024-02-29-14-41;6,38448E+13;48265;3;0;0;0;0;0;0;5,334366;245;2;8,53502;187,3177;63,34783;2146,061;1419,658;0,00446695;0,3733334;29,28466;-11793,41;0,01680933;0,5333334;1;2;6,38448E+13;85603;4;1;2;-247,9633;0;0;0;4,947321;6289;12,5;7,91645;175,4087;54,67347;1612,214;1326,375;0,01438024;0,4508773;24,2493;-15384,5;0,006931923;0,4769232;4;4;6,38448E+13;73694;5;2;0;346,1973;-0,3980312;0;0;5,235092;121;13,26667;8,426135;176,7861;60,59184;1541,562;1015,884;0,0110073;0,3353535;27,34897;-17785,81;0,01867738;0,3749999;3;4;6,38448E+13;69533;5;2;0;-125,8523;-0,6874865;0;0;5,400215;9432;12,75;8,241747;177,2486;42;1460;0;0,00175;1;34,5995;-11072,2;0,01485;0,1333335;5;4;6,38448E+13;83965;5;3;0;209,4077;2,205508;-1;0;5,264496;6922;17;8,644625;169,5676;42;1460;0;0,00175;1;34,5995;-11072,2;0,025847;0,266667;5;5;6,38448E+13;49164;4;1;0;-48,60462;-0,3099763;0;0;5,215764;7507;17,71428;7,809096;167,8956;42;1460;0;0,00175;1;34,5995;-11072,2;;;4;5;6,38448E+13;55343;4;0;0;-84,57519;1,379799;-1;0;4,890406;147;16,64286;9,012758;168,4964;52;1054,443;695;0,00175;1;5,029733;-19137,03;;;3;3;6,38448E+13;31148;3;0;0;-386,6218;2,266042;-1;0;4,827605;4835;12,66667;7,990142;153,0175;86,26667;1038,361;677,6722;0,01485;0,1333335;3,683896;-19174,38;;;2;2;6,38448E+13;36722;3;0;0;103,0719;7,749937;-1;0;4,751924;2064;13,36364;9,494919;171,0546;58,71429;1908,789;1286,669;0,00175;1;1,283836;-19179,68;;;2;3;6,38448E+13;39404;3;1;0;-227,2539;-0,07251235;0;0,4950272;4,852585;6144;12,2;8,41764;171,244;83,84849;1159,455;734,1044;0,00175;1;0,2217412;-19154,85;;;3;2;6,38448E+13;84396;7;1;0;-438,4658;-2,149167;1;0,4950272;5,537802;10873;11;8,86836;175,4678;63,56364;1473,074;911,8477;0,04558725;0,2083334;8,11727;-19180,15;;;5;4
3ff709a4a6;NonAdaptive;2024-03-02-14-56;6,3845E+13;104026;3;1;1;0;0;0;0;5,421777;1;11,85714;3,129127;118,1665;74,20834;1130,638;762,4634;0,0857155;0,6148149;8,447412;-18810,39;0,1059784;0,6333335;3;3;6,3845E+13;79856;4;0;0;8,191115;0;0;0;5,418497;171;17,5;6,995537;175,2172;79,47369;988,274;698,3447;0,09878841;0,4627452;9,969011;-18858,66;0,09754271;0,4761906;2;3;6,3845E+13;154810;5;2;2;-29,91627;-26,44339;1;0;6,452004;467;15,68182;8,171041;178,8868;74,75735;1006,139;733,3068;0,09876018;0,4809524;9,635327;-18861,81;0,0182345;0,2555555;5;5;6,3845E+13;55477;3;0;0;-36,66987;99,36758;-1;0;6,070899;990;12,54545;7,922785;169,2707;82,87273;1017,561;677,6843;0,06489015;0,4190476;8,292279;-18842,34;0,02884167;0,288889;2;3;6,3845E+13;90147;4;1;1;-32,96292;-0,3862808;0;0,8144082;6,348723;1189;14,4;7,726543;165,0147;79,22369;1090,913;817,7017;0,05600336;0,4606061;7,064466;-18823,56;0,007040333;0,1777777;3;3;6,3845E+13;110298;5;1;1;23,17255;0,4168207;0;0;6,446908;645;24;8,631033;187,3129;87,33721;1211,854;957,9052;0,1100522;0,6666667;4,529569;-18801,48;0,059059;0,866667;4;4;6,3845E+13;119689;6;1;1;-12,07893;0,4046846;0;0;6,619905;1196;14,15385;8,213584;181,3695;75,0099;1055,341;731,4125;0,05243425;0,4583333;4,206219;-18781,89;0,031854;0,4333332;4;4;6,3845E+13;99317;6;1;1;-575,382;-0,6637865;0;0,3049484;6,506394;7926;14;9,225391;188,5081;81,96591;1198,223;812,701;0,09134117;0,4888889;4,580746;-18731,6;0,04534834;0,4666667;2;3;6,3845E+13;155261;7;2;1;585,8836;-0,233482;0;0;6,472854;465;12,05263;9,055714;185,2735;82,5037;1394,96;973,6898;0,09175443;0,5333333;8,810053;-18814,4;;;4;4;6,3845E+13;54928;3;1;0;87,94318;2,238143;-1;0,07417753;6,079465;106;13,54545;9,035836;189,9199;68,25;969,4862;597,1702;0,106405;0,45;10,79387;-18901,22;;;3;4;6,3845E+13;109678;7;1;1;-618,9276;0,724951;0;0,07417753;6,460371;7413;11,83333;8,951991;184,0749;104,7982;1098,57;736,3159;0,01955625;0,2666667;6,802112;-18793,43;;;4;4
4e8ae8d588;Adaptive;2024-03-04-12-04;6,38452E+13;51534;3;0;1;0;0;0;0;6,654665;0;5;9,31916;174,0436;63,175;1478,384;1115,32;0;0;0;-17939,4;0,001345;0,066667;2;2;6,38452E+13;54907;4;0;0;60,05861;0;0;0;6,367736;1443;8,5;9,426783;183,0622;67,86047;1096,899;756,4512;0;0;0;-17951,11;0,002614;0,066667;2;2;6,38452E+13;64781;5;0;0;34,69209;1,05447;-1;0;6,614037;790;7,111111;9,204896;172,4734;75,53846;1200,08;897,1662;0,003516;0,066667;0,1864071;-17964,29;;;3;3;6,38452E+13;56066;4;1;0;-533,6841;1,292714;-1;0;6,585074;7099;5,5;9,673171;192,8923;70,97727;1251,01;909,1067;0,001345;0,066667;0,9652071;-17973,54;;;3;3;6,38452E+13;41888;3;0;0;145,8932;-3,014166;1;0;6,391706;4342;7,333333;9,506721;172,0514;65,5;1887,339;1283,246;0,003516;0,066667;0,1190603;-17982,01;;;2;2;6,38452E+13;50861;4;1;0;261,9334;0,2975048;0;0,5219527;6,108261;2245;5,428571;9,139592;192,9483;61,5;1228,588;855,8334;0,003516;0,066667;0,01752829;-17998,97;;;3;3;6,38452E+13;47848;4;0;0;-9,743533;-0,2599545;0;0,3961801;6,393369;1968;6,75;9,084415;180,7235;63,25;1546,223;936,5107;0,003516;0,066667;0,002294406;-18007,55;;;2;2;6,38452E+13;80437;4;2;0;-65,29876;-0,8110511;0;0;6,70293;3278;15;8,703478;172,5424;61,62264;1097,821;852,3531;0,003516;0,066667;7,42E-05;-18012,69;;;3;3;6,38452E+13;42162;4;0;0;-52,44514;-0,4437905;0;0,3160617;6,225095;3922;10,6;8,880784;175,2541;64,03226;1150,272;780,6653;0,003516;0,066667;0;-18020,71;;;2;2;6,38452E+13;30816;3;0;0;189,254;-1080,07;1;0,5582209;6,328559;1300;5,5;9,158197;175,0168;59,68421;1307,016;972,5569;0,002614;0,066667;0,9612849;-18024,8;;;2;2;6,38452E+13;96794;7;1;1;-76,03194;2,629407;-1;0,5582209;6,806139;562;13;9,047758;183,6385;56,20755;2137,176;1766,343;0,003516;0,066667;0,05165091;-18031,32;;;4;4
10dd32d73d;NonAdaptive;2024-03-05-15-38;6,38453E+13;39032;3;0;1;0;0;0;0;5,522367;4767;1;9,364894;178,9219;72,45454;1079,453;672,044;7,28E-05;0,2129353;105,4873;3870,434;8,42E-05;0,2481481;3;3;6,38453E+13;41718;4;0;1;-118,4323;0;0;0;5,233171;5037;2;7,986989;165,0225;72,5946;837,8931;683,3163;6,66E-05;0,1945206;105,8253;2204,222;6,61E-05;0,1916668;4;4;6,38453E+13;76016;5;1;0;208,5968;-11,95191;1;0;5,20106;304;2,5;8,078475;158,8381;56,86792;1165,384;800,2844;6,83E-05;0,21;92,70781;442,111;7,79E-05;0,2213334;4;4;6,38453E+13;31500;3;0;0;-550,3159;-2,271788;1;0,3116308;4,954816;2544;5;8,741587;162,1538;62,4;2822,853;2139,687;6,05E-05;0,175862;104,1756;-935,0484;6,34E-05;0,1692307;2;2;6,38453E+13;36119;4;0;0;228,9299;-0,061585;0;0,07669927;5,098279;2148;1;9,332191;172,3501;75,4375;1107,463;720,5052;7,78E-05;0,1869048;98,91285;-1719,604;6,85E-05;0,1764707;3;2;6,38453E+13;43910;5;0;0;-387,0782;0,948112;0;0;5,113034;5788;2,5;8,985095;163,4153;73,69697;1069,421;757,0114;7,33E-05;0,172381;95,40556;-2728,614;8,61E-05;0,1893334;2;2;6,38453E+13;60812;6;0;1;-393,6915;-0,4460479;0;0,2476313;5,132471;9733;1;8,590858;171,382;88,09836;957,7416;651,0683;7,28E-05;0,1757576;91,51985;-3730;6,59E-05;0,1607843;5;5;6,38453E+13;68740;6;0;1;-239,3448;-2,553189;1;0,1563873;5,092243;10693;2,5;8,509324;155,3772;79,45614;1309,784;1005,502;8,89E-05;0,1746914;99,42747;-4949,472;9,76E-05;0,1814815;5;5;6,38453E+13;77570;7;1;1;751,3298;3,764099;-1;0;5,203301;687;2;9,118077;165,7042;68,19299;1257,461;914,1246;9,46E-05;0,1443366;80,71375;-6042,884;9,48E-05;0,1430895;5;5;6,38453E+13;36668;3;0;0;-48,06787;0,4380127;0;0;5,055418;331;1;7,61868;152,9993;60,66667;1415,417;939,5873;0,000100231;0,1602564;84,43062;-6803,542;9,76E-05;0,1587301;2;2;6,38453E+13;91721;7;2;1;-961,6785;1,983609;-1;0;5,035141;11064;1;8,293444;160,515;84,67142;1382,248;972,4963;0,00010386;0,1451713;69,51809;-7611,812;9,61E-05;0,128;6;6
839d1c9ec4;Adaptive;2024-03-11-14-30;6,38458E+13;50900;3;0;0;0;0;0;0;4,633539;1436;2,5;10,27323;170,1017;71,04762;1301,523;936,9659;0,04145912;0,309804;21,60957;-19060,24;0,0655734;0,4533334;1;1;6,38458E+13;46950;4;0;0;-38,07686;0;0;0;4,603038;4908;2;9,660097;165,5563;64,3125;1553,868;1017,797;0,04225244;0,3333334;15,84898;-19177,18;0,040302;0,3066668;1;1;6,38458E+13;76079;5;1;2;-79,12777;6,201709;-1;0;4,677973;6569;4,857143;9,606028;172,5325;69,60656;1080,379;723,3651;0,08935863;0,4333332;7,441445;-19220,96;0,04095175;0,2000003;3;3;6,38458E+13;46506;4;0;0;108,1739;0,04658722;0;0,25453;4,584443;4525;3,5;9,544973;181,2085;73;1542,895;958,9344;0,07682725;0,3333333;4,078677;-19261,36;0,0186865;0,09999999;1;1;6,38458E+13;87141;4;2;0;49,87785;1,425014;-1;0;4,659488;4084;8;9,821468;182,9486;88,06329;1384,512;926,6272;0,037554;0,1925927;4,134931;-19303,01;;;4;3;6,38458E+13;29646;3;0;0;410,5733;-3,878083;1;0,2481702;4,270102;0;6;9,559655;176,6776;82,44827;860,7996;573,9462;0,000712;0,066667;2,720299;-19337,47;;;1;1;6,38458E+13;43105;4;0;0;-6,859129;0,1260166;0;0;4,656638;0;2,5;10,0481;185,8786;86,11905;845,9638;671,6371;0,000712;0,066667;0,6479613;-19332,72;;;2;1;6,38458E+13;44163;4;0;0;-463,4167;1,143012;-1;0,000687718;4,688409;5492;2,5;8,687111;164,1328;83,27907;991,087;638,3959;0,000712;0,066667;0,0977985;-19309,59;;;2;2;6,38458E+13;24814;3;0;0;232,0727;-0,540852;0;0,1042474;4,493156;2723;4,5;9,017845;189,364;74,90476;940,6153;641,6581;0,000712;0,066667;0,01934595;-19304,72;;;1;1;6,38458E+13;38729;3;0;0;-44,89479;-2,100057;1;0;4,678144;3042;6;8,586974;176,1452;88,28571;1111,638;722,0233;0,000712;0,066667;0,005372414;-19298,77;;;2;1;6,38458E+13;79425;7;1;1;-641,6484;-22,02749;1;0;4,691997;10497;10,52941;9,369667;187,1189;80,43056;1144,89;916,026;0,0652884;0,2800002;3,386421;-19295,83;;;5;4
