Saccade_amplitude_number;Measurement_start_time;Measurement_end_time;Round_number;Saccade_amplitude_raw;User_ID
1;63855710880884;63855710880924;0;11,4878;9010301179
2;63855710880994;63855710881101;0;19,93439;9010301179
3;63855710881387;63855710881441;0;6,227465;9010301179
4;63855710881519;63855710881651;0;8,468908;9010301179
5;63855710881701;63855710881791;0;7,172664;9010301179
6;63855710882277;63855710882303;0;2,782841;9010301179
7;63855710882466;63855710882516;0;4,056468;9010301179
8;63855710882630;63855710882642;0;1,535441;9010301179
9;63855710882844;63855710882882;0;3,563154;9010301179
10;63855710883047;63855710883073;0;1,822094;9010301179
11;63855710883085;63855710883136;0;6,171522;9010301179
12;63855710883302;63855710883340;0;5,985203;9010301179
13;63855710883744;63855710883785;0;12,33683;9010301179
14;63855710883785;63855710883811;0;3,735073;9010301179
15;63855710883839;63855710883933;0;10,41337;9010301179
16;63855710883946;63855710883974;0;3,120921;9010301179
17;63855710884234;63855710884275;0;7,247194;9010301179
18;63855710884344;63855710884386;0;8,551847;9010301179
19;63855710884552;63855710884641;0;21,31662;9010301179
20;63855710884653;63855710884678;0;5,346797;9010301179
21;63855710884690;63855710884718;0;2,852727;9010301179
22;63855710884718;63855710884794;0;8,943009;9010301179
23;63855710884872;63855710884934;0;7,014813;9010301179
24;63855710884946;63855710885120;0;6,319876;9010301179
25;63855710885278;63855710885305;0;7,797496;9010301179
26;63855710885445;63855710885633;0;25,14236;9010301179
27;63855710885719;63855710885755;0;9,691687;9010301179
28;63855710886161;63855710886197;0;6,088016;9010301179
29;63855710886406;63855710886443;0;5,151531;9010301179
30;63855710886765;63855710886777;0;1,331927;9010301179
31;63855710886853;63855710886918;0;21,73792;9010301179
32;63855710886995;63855710887047;0;3,173545;9010301179
33;63855710887074;63855710887223;0;13,5246;9010301179
34;63855710888692;63855710888736;0;1,359843;9010301179
35;63855710888750;63855710888869;0;16,05055;9010301179
36;63855710888904;63855710889017;0;7,908474;9010301179
37;63855710889052;63855710889098;0;3,770086;9010301179
38;63855710889834;63855710889868;0;4,670973;9010301179
39;63855710890469;63855710890530;0;7,782934;9010301179
40;63855710890985;63855710891034;0;10,9329;9010301179
41;63855710891034;63855710891085;0;11,42105;9010301179
42;63855710891135;63855710891149;0;1,550155;9010301179
43;63855710891186;63855710891299;0;0,9507989;9010301179
44;63855710891389;63855710891561;0;25,51404;9010301179
45;63855710891561;63855710891599;0;19,28555;9010301179
46;63855710891695;63855710891842;0;14,88688;9010301179
47;63855710891855;63855710891923;0;8,752886;9010301179
48;63855710891950;63855710891977;0;2,40981;9010301179
49;63855710892002;63855710892085;0;7,864619;9010301179
50;63855710892140;63855710892196;0;16,51795;9010301179
51;63855710892289;63855710892344;0;4,950091;9010301179
52;63855710892399;63855710892413;0;1,689918;9010301179
53;63855710892454;63855710892480;0;5,244637;9010301179
54;63855710892547;63855710892588;0;3,615359;9010301179
55;63855710892858;63855710892899;0;5,662336;9010301179
56;63855710893074;63855710893101;0;18,23862;9010301179
57;63855710893168;63855710893182;0;2,001739;9010301179
58;63855710893208;63855710893316;0;11,19721;9010301179
59;63855710893356;63855710893384;0;3,182231;9010301179
60;63855710893688;63855710893701;0;5,773837;9010301179
61;63855710893928;63855710893941;0;4,853733;9010301179
62;63855710894422;63855710894450;0;8,317911;9010301179
63;63855710894464;63855710894546;0;10,30042;9010301179
64;63855710894587;63855710894654;0;6,974852;9010301179
65;63855710894735;63855710894776;0;7,054355;9010301179
66;63855710895044;63855710895071;0;17,20911;9010301179
67;63855710895152;63855710895219;0;11,00543;9010301179
68;63855710895259;63855710895299;0;5,490729;9010301179
69;63855710895338;63855710895352;0;2,782349;9010301179
70;63855710895405;63855710895444;0;3,405996;9010301179
71;63855710895564;63855710895602;0;3,606792;9010301179
72;63855710896017;63855710896069;0;10,78819;9010301179
73;63855710896334;63855710896374;0;11,44029;9010301179
74;63855710896479;63855710896507;0;9,038073;9010301179
75;63855710896653;63855710896679;0;1,451313;9010301179
76;63855710896719;63855710896745;0;1,981792;9010301179
77;63855710897200;63855710897228;0;14,408;9010301179
78;63855710897253;63855710897308;0;1,328101;9010301179
79;63855710897346;63855710897374;0;4,353971;9010301179
80;63855710897428;63855710897442;0;2,22484;9010301179
81;63855710897806;63855710897846;0;9,87936;9010301179
82;63855710898202;63855710898353;0;13,31543;9010301179
83;63855710898365;63855710898500;0;7,042555;9010301179
84;63855710898512;63855710898550;0;3,027438;9010301179
85;63855710898573;63855710898632;0;6,973558;9010301179
86;63855710898788;63855710898812;0;3,394422;9010301179
87;63855710898825;63855710898838;0;8,016504;9010301179
88;63855710898851;63855710898888;0;6,095514;9010301179
89;63855710899138;63855710899268;0;15,5234;9010301179
90;63855710899639;63855710899677;0;12,01195;9010301179
91;63855710899824;63855710899852;0;2,243848;9010301179
92;63855710899961;63855710900000;0;8,905651;9010301179
93;63855710900205;63855710900231;0;4,932725;9010301179
94;63855710900489;63855710900530;0;3,520921;9010301179
95;63855710900786;63855710900840;0;25,66974;9010301179
96;63855710900976;63855710901016;0;5,782521;9010301179
97;63855710901260;63855710901313;0;5,051638;9010301179
98;63855710901531;63855710901572;0;7,72047;9010301179
99;63855710901841;63855710901854;0;1,726464;9010301179
100;63855710902001;63855710902044;0;10,69756;9010301179
101;63855710902207;63855710902220;0;1,724309;9010301179
102;63855710902400;63855710902442;0;8,012634;9010301179
103;63855710902579;63855710902594;0;11,10039;9010301179
104;63855710903208;63855710903249;0;4,947003;9010301179
105;63855710903424;63855710903452;0;10,73728;9010301179
106;63855710903678;63855710903719;0;16,09974;9010301179
107;63855710904176;63855710904216;0;8,793257;9010301179
108;63855710904486;63855710904540;0;13,06603;9010301179
109;63855710905473;63855710905501;0;8,418813;9010301179
110;63855710905745;63855710905787;0;5,96197;9010301179
111;63855710906018;63855710906062;0;4,767852;9010301179
112;63855710907064;63855710907121;0;11,172;9010301179
113;63855710907395;63855710907449;0;11,9712;9010301179
114;63855710907633;63855710907731;0;12,48318;9010301179
115;63855710907731;63855710907794;0;7,185971;9010301179
116;63855710907831;63855710907942;0;8,562289;9010301179
117;63855710907954;63855710907979;0;0,4677188;9010301179
118;63855710907992;63855710908005;0;3,338768;9010301179
119;63855710908513;63855710908553;0;7,143585;9010301179
120;63855710908823;63855710908850;0;4,614649;9010301179
121;63855710909452;63855710909491;0;8,038636;9010301179
122;63855710909732;63855710909816;0;10,43117;9010301179
123;63855710910958;63855710910984;0;3,638142;9010301179
124;63855710910996;63855710911019;0;2,110627;9010301179
125;63855710911032;63855710911056;0;2,517695;9010301179
126;63855710911142;63855710911202;0;15,67447;9010301179
127;63855710911276;63855710911289;0;1,227964;9010301179
128;63855710911301;63855710911351;0;4,023652;9010301179
129;63855710911511;63855710911573;0;15,32944;9010301179
130;63855710911874;63855710911886;0;2,309019;9010301179
131;63855710912177;63855710912212;0;9,710231;9010301179
132;63855710913039;63855710913099;0;18,20794;9010301179
133;63855710913209;63855710913280;0;6,478111;9010301179
134;63855710913317;63855710913353;0;4,446424;9010301179
135;63855710913365;63855710913377;0;1,835684;9010301179
136;63855710913389;63855710913412;0;2,14521;9010301179
137;63855710913435;63855710913450;0;1,247411;9010301179
138;63855710913485;63855710913545;0;9,637861;9010301179
139;63855710913799;63855710913822;0;6,331716;9010301179
140;63855710913989;63855710914027;0;5,270352;9010301179
141;63855710914302;63855710914374;0;20,54411;9010301179
142;63855710915219;63855710915266;0;14,12131;9010301179
143;63855710915522;63855710915569;0;16,03186;9010301179
144;63855710915739;63855710915777;0;7,726925;9010301179
145;63855710916163;63855710916175;0;5,032715;9010301179
146;63855710916247;63855710916272;0;10,78272;9010301179
147;63855710916643;63855710916702;0;23,44728;9010301179
148;63855710917121;63855710917156;0;7,606278;9010301179
149;63855710917607;63855710917655;0;5,996264;9010301179
150;63855710917947;63855710918010;0;28,21795;9010301179
151;63855710918845;63855710918894;0;3,474573;9010301179
152;63855710919028;63855710919076;0;9,607032;9010301179
153;63855710919588;63855710919675;0;4,704737;9010301179
154;63855710919725;63855710919751;0;2,245592;9010301179
155;63855710919764;63855710920031;0;17,82348;9010301179
156;63855710920044;63855710920069;0;16,10446;9010301179
157;63855710920160;63855710920251;0;13,43591;9010301179
158;63855710920342;63855710920472;0;10,78792;9010301179
159;63855710920601;63855710920653;0;3,960322;9010301179
160;63855710921232;63855710921272;0;9,030547;9010301179
161;63855710921511;63855710921538;0;5,968641;9010301179
162;63855710924086;63855710924141;0;13,05818;9010301179
163;63855710924285;63855710924423;0;13,44919;9010301179
164;63855710926133;63855710926174;0;3,532192;9010301179
165;63855710926360;63855710926467;0;8,584396;9010301179
166;63855710926495;63855710926534;0;4,942566;9010301179
167;63855710926656;63855710926684;0;2,29038;9010301179
168;63855710926739;63855710926753;0;3,851326;9010301179
169;63855710926865;63855710926878;0;1,412639;9010301179
170;63855710926894;63855710926934;0;4,850705;9010301179
171;63855710927130;63855710927143;0;1,386069;9010301179
172;63855710927213;63855710927256;0;5,30345;9010301179
173;63855710928020;63855710928033;0;1,745292;9010301179
174;63855710928061;63855710928152;0;11,25652;9010301179
175;63855710928164;63855710928189;0;10,72585;9010301179
176;63855710928316;63855710928402;0;11,34365;9010301179
177;63855710928568;63855710928609;0;5,81288;9010301179
178;63855710928609;63855710928662;0;2,628603;9010301179
179;63855710928766;63855710928871;0;17,86961;9010301179
180;63855710929445;63855710929485;0;7,706451;9010301179
181;63855710930129;63855710930154;0;3,921563;9010301179
182;63855710930628;63855710930642;0;6,662855;9010301179
183;63855710930761;63855710930825;0;7,890135;9010301179
184;63855710931783;63855710931798;0;3,737484;9010301179
185;63855710931913;63855710931942;0;6,109392;9010301179
186;63855710931986;63855710932062;0;4,357075;9010301179
187;63855710932075;63855710932089;0;3,012334;9010301179
188;63855710932462;63855710932506;0;8,778365;9010301179
189;63855710933787;63855710933816;0;9,862965;9010301179
190;63855710933816;63855710933872;0;14,08734;9010301179
191;63855710933916;63855710933930;0;1,715434;9010301179
192;63855710933956;63855710933969;0;6,624511;9010301179
193;63855710934024;63855710934065;0;7,957492;9010301179
194;63855710934902;63855710934941;0;6,147172;9010301179
195;63855710936210;63855710936252;0;11,81602;9010301179
196;63855710936361;63855710936375;0;6,073573;9010301179
197;63855710936482;63855710936552;0;8,440989;9010301179
198;63855710936704;63855710936719;0;2,313;9010301179
199;63855710936923;63855710936995;0;5,880733;9010301179
200;63855710937895;63855710937920;0;2,648411;9010301179
201;63855710937934;63855710938061;0;12,2496;9010301179
202;63855710938309;63855710938357;0;17,19982;9010301179
203;63855710938606;63855710938643;0;3,60538;9010301179
204;63855710938956;63855710939017;0;24,75991;9010301179
205;63855710939160;63855710939196;0;2,95519;9010301179
206;63855710939340;63855710939389;0;9,707011;9010301179
207;63855710939606;63855710939654;0;17,25162;9010301179
208;63855710939904;63855710939951;0;8,479661;9010301179
209;63855710940118;63855710940165;0;12,86854;9010301179
210;63855710940383;63855710940395;0;2,306644;9010301179
211;63855710940937;63855710940951;0;7,749219;9010301179
212;63855710941375;63855710941404;0;4,850786;9010301179
213;63855710941418;63855710941490;0;4,655599;9010301179
214;63855710941594;63855710941712;0;6,873352;9010301179
215;63855710942139;63855710942153;0;3,083246;9010301179
216;63855710942410;63855710942472;0;5,862138;9010301179
217;63855710943217;63855710943246;0;4,653579;9010301179
218;63855710943733;63855710943795;0;18,57175;9010301179
219;63855710943853;63855710943962;0;13,7968;9010301179
220;63855710944165;63855710944199;0;5,202888;9010301179
221;63855710944249;63855710944295;0;9,343696;9010301179
222;63855710944412;63855710944460;0;4,835861;9010301179
223;63855710944508;63855710944555;0;7,97804;9010301179
224;63855710944767;63855710944804;0;13,61453;9010301179
225;63855710944984;63855710945018;0;5,203114;9010301179
226;63855710945163;63855710945198;0;3,350709;9010301179
227;63855710945294;63855710945341;0;19,5267;9010301179
228;63855710945820;63855710945871;0;6,774797;9010301179
229;63855710945984;63855710946034;0;6,327689;9010301179
230;63855710946174;63855710946221;0;2,087129;9010301179
231;63855710946434;63855710946484;0;8,477484;9010301179
232;63855710946832;63855710946869;0;5,511782;9010301179
233;63855710947067;63855710947118;0;12,51432;9010301179
234;63855710947566;63855710947604;0;5,292946;9010301179
235;63855710948011;63855710948035;0;3,807761;9010301179
236;63855710949006;63855710949054;0;4,834807;9010301179
237;63855710949286;63855710949322;0;3,441792;9010301179
238;63855710949471;63855710949495;0;4,21338;9010301179
239;63855710949828;63855710949851;0;3,398227;9010301179
240;63855710950230;63855710950266;0;3,068416;9010301179
241;63855710950401;63855710950439;0;5,551038;9010301179
242;63855710950978;63855710951016;0;9,455961;9010301179
243;63855710952304;63855710952352;0;9,853231;9010301179
244;63855710952489;63855710952528;0;6,014608;9010301179
245;63855710952688;63855710952738;0;11,56245;9010301179
246;63855710952933;63855710952957;0;4,600449;9010301179
247;63855710953132;63855710953156;0;4,38307;9010301179
248;63855710953295;63855710953331;0;19,29676;9010301179
249;63855710954059;63855710954108;0;6,735224;9010301179
250;63855710954343;63855710954367;0;2,091719;9010301179
251;63855710954554;63855710954592;0;11,25125;9010301179
252;63855710955268;63855710955293;0;2,576179;9010301179
253;63855710955438;63855710955473;0;6,706949;9010301179
254;63855710955876;63855710955913;0;4,790193;9010301179
255;63855710957951;63855710958000;0;7,550812;9010301179
256;63855710958581;63855710958630;0;6,353509;9010301179
257;63855710960194;63855710960230;1;5,15233;9010301179
258;63855710960660;63855710960706;1;10,72552;9010301179
259;63855710960867;63855710960902;1;7,52543;9010301179
260;63855710961252;63855710961276;1;2,458378;9010301179
261;63855710963034;63855710963060;1;3,134691;9010301179
262;63855710963229;63855710963289;1;12,75629;9010301179
263;63855710963462;63855710963510;1;12,56206;9010301179
264;63855710963656;63855710963719;1;15,68132;9010301179
265;63855710964351;63855710964399;1;12,15695;9010301179
266;63855710964508;63855710964544;1;10,77987;9010301179
267;63855710964799;63855710964824;1;2,259841;9010301179
268;63855710965368;63855710965406;1;10,56572;9010301179
269;63855710965768;63855710965794;1;6,35533;9010301179
270;63855710966033;63855710966138;1;27,43694;9010301179
271;63855710966138;63855710966189;1;16,78676;9010301179
272;63855710966244;63855710966257;1;2,829785;9010301179
273;63855710966271;63855710966404;1;24,89963;9010301179
274;63855710966418;63855710966444;1;15,8077;9010301179
275;63855710966554;63855710966693;1;12,38187;9010301179
276;63855710966719;63855710966761;1;11,43532;9010301179
277;63855710966872;63855710966885;1;1,867288;9010301179
278;63855710966927;63855710966954;1;2,338582;9010301179
279;63855710966983;63855710966997;1;1,394935;9010301179
280;63855710967148;63855710967176;1;2,33322;9010301179
281;63855710967483;63855710967523;1;4,18727;9010301179
282;63855710967704;63855710967731;1;9,06035;9010301179
283;63855710967812;63855710967827;1;1,819191;9010301179
284;63855710967840;63855710967896;1;6,344152;9010301179
285;63855710968111;63855710968231;1;23,81429;9010301179
286;63855710968244;63855710968322;1;6,2661;9010301179
287;63855710968497;63855710968510;1;2,015089;9010301179
288;63855710968749;63855710968787;1;4,501238;9010301179
289;63855710968973;63855710969012;1;9,457729;9010301179
290;63855710969811;63855710969853;1;6,776737;9010301179
291;63855710972439;63855710972553;1;16,64217;9010301179
292;63855710972777;63855710972792;1;5,846;9010301179
293;63855710973178;63855710973279;1;7,933058;9010301179
294;63855710973279;63855710973304;1;5,468484;9010301179
295;63855710973354;63855710973440;1;8,956598;9010301179
296;63855710973452;63855710973490;1;7,131024;9010301179
297;63855710973778;63855710973828;1;4,137017;9010301179
298;63855710975072;63855710975109;1;7,188073;9010301179
299;63855710975151;63855710975178;1;4,136448;9010301179
300;63855710975256;63855710975311;1;3,267765;9010301179
301;63855710975326;63855710975353;1;4,779958;9010301179
302;63855710975407;63855710975448;1;3,386511;9010301179
303;63855710975462;63855710975488;1;3,444351;9010301179
304;63855710976932;63855710976960;1;4,969013;9010301179
305;63855710977103;63855710977166;1;8,82964;9010301179
306;63855710977568;63855710977595;1;5,506731;9010301179
307;63855710977827;63855710977866;1;17,83216;9010301179
308;63855710978271;63855710978296;1;8,914669;9010301179
309;63855710978490;63855710978541;1;7,523135;9010301179
310;63855710978760;63855710978799;1;15,45507;9010301179
311;63855710979226;63855710979276;1;5,564473;9010301179
312;63855710979526;63855710979551;1;2,456626;9010301179
313;63855710979842;63855710979882;1;5,963712;9010301179
314;63855710980394;63855710980437;1;7,242509;9010301179
315;63855710980683;63855710980799;1;13,1022;9010301179
316;63855710980814;63855710980828;1;1,825956;9010301179
317;63855710981139;63855710981198;1;8,708405;9010301179
318;63855710981482;63855710981526;1;3,083944;9010301179
319;63855710982384;63855710982499;1;15,16968;9010301179
320;63855710983150;63855710983186;1;2,935116;9010301179
321;63855710983730;63855710983767;1;5,788314;9010301179
322;63855710984315;63855710984365;1;6,53267;9010301179
323;63855710985064;63855710985092;1;1,403466;9010301179
324;63855710986054;63855710986109;1;4,962345;9010301179
325;63855710986384;63855710986397;1;7,52676;9010301179
326;63855710986597;63855710986715;1;11,9986;9010301179
327;63855710986924;63855710987055;1;16,98865;9010301179
328;63855710987068;63855710987082;1;2,009837;9010301179
329;63855710987264;63855710987290;1;1,522128;9010301179
330;63855710987474;63855710987512;1;4,514534;9010301179
331;63855710987709;63855710987749;1;15,42656;9010301179
332;63855710988115;63855710988166;1;4,690559;9010301179
333;63855710988352;63855710988391;1;8,513132;9010301179
334;63855710988522;63855710988563;1;8,063069;9010301179
335;63855710988737;63855710988801;1;6,448166;9010301179
336;63855710988816;63855710988842;1;1,897336;9010301179
337;63855710988854;63855710988882;1;1,819837;9010301179
338;63855710988934;63855710988948;1;1,061831;9010301179
339;63855710988961;63855710988974;1;1,923662;9010301179
340;63855710989312;63855710989339;1;9,584065;9010301179
341;63855710989540;63855710989581;1;3,723785;9010301179
342;63855710989686;63855710989729;1;7,176983;9010301179
343;63855710989888;63855710989928;1;21,31477;9010301179
344;63855710989941;63855710989953;1;4,832821;9010301179
345;63855710990061;63855710990128;1;8,528159;9010301179
346;63855710990181;63855710990194;1;1,754351;9010301179
347;63855710990311;63855710990351;1;3,392864;9010301179
348;63855710990498;63855710990526;1;5,092199;9010301179
349;63855710990764;63855710990804;1;11,0341;9010301179
350;63855710991163;63855710991190;1;4,486942;9010301179
351;63855710991217;63855710991255;1;7,807081;9010301179
352;63855710991270;63855710991283;1;2,618905;9010301179
353;63855710991684;63855710991710;1;6,629542;9010301179
354;63855710991884;63855710991922;1;4,163583;9010301179
355;63855710992190;63855710992218;1;7,85128;9010301179
356;63855710992376;63855710992453;1;7,060053;9010301179
357;63855710992494;63855710992584;1;5,830489;9010301179
358;63855710992975;63855710993014;1;5,223485;9010301179
359;63855710993586;63855710993626;1;4,84343;9010301179
360;63855710993743;63855710993795;1;13,01373;9010301179
361;63855710993808;63855710993821;1;1,342609;9010301179
362;63855710993861;63855710994042;1;17,56351;9010301179
363;63855710994442;63855710994470;1;10,26713;9010301179
364;63855710994470;63855710994510;1;16,59049;9010301179
365;63855710994563;63855710994576;1;1,878157;9010301179
366;63855710994683;63855710994761;1;7,646575;9010301179
367;63855710994866;63855710994919;1;4,262551;9010301179
368;63855710995278;63855710995305;1;3,222579;9010301179
369;63855710995385;63855710995411;1;2,551136;9010301179
370;63855710995886;63855710995931;1;9,963934;9010301179
371;63855710996317;63855710996331;1;2,789445;9010301179
372;63855710996538;63855710996583;1;4,516356;9010301179
373;63855710996820;63855710996850;1;2,955918;9010301179
374;63855710998209;63855710998253;1;5,954633;9010301179
375;63855710998356;63855710998372;1;1,351905;9010301179
376;63855710998504;63855710998620;1;19,41587;9010301179
377;63855710998955;63855710999023;1;6,624718;9010301179
378;63855710999222;63855710999327;1;8,066575;9010301179
379;63855710999393;63855710999444;1;10,38698;9010301179
380;63855710999784;63855710999810;1;5,751253;9010301179
381;63855711000065;63855711000117;1;4,298149;9010301179
382;63855711000346;63855711000360;1;2,201937;9010301179
383;63855711000399;63855711000425;1;3,70047;9010301179
384;63855711001482;63855711001519;1;4,911631;9010301179
385;63855711001884;63855711001925;1;5,566867;9010301179
386;63855711002096;63855711002123;1;1,869383;9010301179
387;63855711002257;63855711002284;1;4,69782;9010301179
388;63855711002337;63855711002364;1;2,523286;9010301179
389;63855711002514;63855711002541;1;1,661775;9010301179
390;63855711002567;63855711002608;1;6,577304;9010301179
391;63855711002675;63855711002703;1;1,709148;9010301179
392;63855711002715;63855711002728;1;1,573212;9010301179
393;63855711002766;63855711002782;1;1,974074;9010301179
394;63855711002887;63855711002899;1;1,08354;9010301179
395;63855711002914;63855711002940;1;2,995847;9010301179
396;63855711003070;63855711003096;1;3,321955;9010301179
397;63855711003484;63855711003511;1;3,863104;9010301179
398;63855711003552;63855711003593;1;3,788996;9010301179
399;63855711003712;63855711003727;1;2,07594;9010301179
400;63855711004355;63855711004397;1;10,68506;9010301179
401;63855711004521;63855711004550;1;1,817469;9010301179
402;63855711004564;63855711004606;1;4,977089;9010301179
403;63855711004900;63855711004916;1;1,19124;9010301179
404;63855711005744;63855711005768;1;8,953483;9010301179
405;63855711005781;63855711005793;1;8,993004;9010301179
406;63855711005978;63855711006003;1;2,626741;9010301179
407;63855711006472;63855711006509;1;2,799812;9010301179
408;63855711006634;63855711006685;1;12,7432;9010301179
409;63855711007520;63855711007558;1;3,534409;9010301179
410;63855711008096;63855711008132;1;5,443701;9010301179
411;63855711008398;63855711008459;1;24,08061;9010301179
412;63855711009041;63855711009077;1;13,98507;9010301179
413;63855711009356;63855711009406;1;18,29126;9010301179
414;63855711009888;63855711009938;1;23,6775;9010301179
415;63855711010374;63855711010397;1;6,332057;9010301179
416;63855711011469;63855711011528;1;7,68536;9010301179
417;63855711011670;63855711011705;1;3,36383;9010301179
418;63855711012710;63855711012748;1;6,958719;9010301179
419;63855711013745;63855711013810;1;10,25636;9010301179
420;63855711013823;63855711013836;1;3,315525;9010301179
421;63855711014394;63855711014433;1;16,72986;9010301179
422;63855711014554;63855711014649;1;9,262277;9010301179
423;63855711014649;63855711014675;1;3,329784;9010301179
424;63855711014756;63855711014916;1;5,257771;9010301179
425;63855711014982;63855711014995;1;1,551291;9010301179
426;63855711015021;63855711015141;1;9,212644;9010301179
427;63855711015154;63855711015167;1;1,678181;9010301179
428;63855711015311;63855711015338;1;0,7083117;9010301179
429;63855711015482;63855711015507;1;2,98852;9010301179
430;63855711015689;63855711015715;1;6,198876;9010301179
431;63855711016218;63855711016256;1;4,100357;9010301179
432;63855711016384;63855711016422;1;9,84041;9010301179
433;63855711016687;63855711016714;1;3,355905;9010301179
434;63855711016912;63855711016939;1;4,715924;9010301179
435;63855711017085;63855711017111;1;1,928337;9010301179
436;63855711017126;63855711017151;1;2,470134;9010301179
437;63855711017593;63855711017632;1;4,653327;9010301179
438;63855711018320;63855711018407;1;4,699905;9010301179
439;63855711018436;63855711018450;1;6,655787;9010301179
440;63855711018536;63855711018564;1;4,206356;9010301179
441;63855711018594;63855711018651;1;5,734085;9010301179
442;63855711018967;63855711018996;1;4,082983;9010301179
443;63855711019010;63855711019025;1;1,708346;9010301179
444;63855711020755;63855711020872;1;15,44189;9010301179
445;63855711020886;63855711020972;1;10,14075;9010301179
446;63855711021072;63855711021100;1;2,114148;9010301179
447;63855711021115;63855711021171;1;9,965828;9010301179
448;63855711021199;63855711021312;1;10,57797;9010301179
449;63855711021395;63855711021558;1;0,4792896;9010301179
450;63855711021662;63855711021769;1;10,2591;9010301179
451;63855711021769;63855711021807;1;6,193719;9010301179
452;63855711021831;63855711021859;1;14,53029;9010301179
453;63855711021962;63855711022014;1;6,705838;9010301179
454;63855711022026;63855711022063;1;4,73764;9010301179
455;63855711022063;63855711022128;1;4,928832;9010301179
456;63855711022178;63855711022294;1;11,04511;9010301179
457;63855711022409;63855711022435;1;3,018891;9010301179
458;63855711023288;63855711023328;1;7,124997;9010301179
459;63855711023458;63855711023496;1;3,538561;9010301179
460;63855711023684;63855711023697;1;1,522128;9010301179
461;63855711023807;63855711023820;1;1,643301;9010301179
462;63855711024597;63855711024702;-1;7,914329;9010301179
463;63855711024765;63855711024817;-1;9,323355;9010301179
464;63855711024984;63855711025009;-1;6,52453;9010301179
465;63855711025150;63855711025211;-1;13,5061;9010301179
466;63855711025606;63855711025644;-1;10,53366;9010301179
467;63855711026260;63855711026273;-1;2,908249;9010301179
468;63855711026300;63855711026330;-1;5,682203;9010301179
469;63855711026372;63855711026431;-1;7,593651;9010301179
470;63855711026562;63855711026605;-1;6,744884;9010301179
471;63855711026649;63855711026663;-1;0,9431533;9010301179
472;63855711026677;63855711026693;-1;2,374545;9010301179
473;63855711026821;63855711026837;-1;1,37615;9010301179
474;63855711027915;63855711027943;-1;7,235218;9010301179
475;63855711028087;63855711028144;-1;3,868676;9010301179
476;63855711028365;63855711028470;-1;15,60134;9010301179
477;63855711028470;63855711028495;-1;1,866659;9010301179
478;63855711028731;63855711028782;-1;5,756873;9010301179
479;63855711028794;63855711028831;-1;4,560765;9010301179
480;63855711028843;63855711028869;-1;3,364529;9010301179
481;63855711028881;63855711028917;-1;5,967491;9010301179
482;63855711028953;63855711029000;-1;3,554791;9010301179
483;63855711029050;63855711029086;-1;12,29551;9010301179
484;63855711029358;63855711029404;-1;10,10929;9010301179
485;63855711029583;63855711029620;-1;5,799715;9010301179
486;63855711029826;63855711029875;-1;7,841074;9010301179
487;63855711030215;63855711030228;-1;1,040987;9010301179
488;63855711031991;63855711032028;-1;5,6085;9010301179
489;63855711032478;63855711032515;-1;3,79741;9010301179
490;63855711033442;63855711033492;-1;5,516616;9010301179
491;63855711033867;63855711033905;-1;4,220394;9010301179
492;63855711034325;63855711034362;-1;3,702586;9010301179
493;63855711034619;63855711034655;-1;9,26582;9010301179
494;63855711034861;63855711034897;-1;6,321737;9010301179
495;63855711035621;63855711035671;-1;4,997477;9010301179
496;63855711036182;63855711036238;2;13,33067;9010301179
497;63855711036816;63855711036862;2;7,143777;9010301179
498;63855711037296;63855711037319;2;3,045233;9010301179
499;63855711037593;63855711037627;2;4,50663;9010301179
500;63855711037866;63855711037889;2;1,841963;9010301179
501;63855711038162;63855711038196;2;3,810742;9010301179
502;63855711038378;63855711038413;2;2,936317;9010301179
503;63855711038651;63855711038685;2;6,254418;9010301179
504;63855711038924;63855711038969;2;6,888459;9010301179
505;63855711039218;63855711039264;2;13,0822;9010301179
506;63855711039492;63855711039537;2;15,32726;9010301179
507;63855711039775;63855711039831;2;15,49967;9010301179
508;63855711040366;63855711040414;2;13,63718;9010301179
509;63855711040549;63855711040583;2;4,377928;9010301179
510;63855711040754;63855711040799;2;15,01669;9010301179
511;63855711041153;63855711041199;2;9,855525;9010301179
512;63855711041409;63855711041432;2;1,997726;9010301179
513;63855711041806;63855711041955;2;2,388599;9010301179
514;63855711042042;63855711042147;2;11,68685;9010301179
515;63855711042293;63855711042344;2;7,384268;9010301179
516;63855711042558;63855711042571;2;1,402629;9010301179
517;63855711042810;63855711042863;2;9,253595;9010301179
518;63855711043284;63855711043325;2;8,816927;9010301179
519;63855711043583;63855711043596;2;9,545013;9010301179
520;63855711044104;63855711044143;2;6,321302;9010301179
521;63855711044536;63855711044588;2;10,57228;9010301179
522;63855711044789;63855711044829;2;4,79763;9010301179
523;63855711045511;63855711045565;2;22,50947;9010301179
524;63855711045688;63855711045716;2;11,05131;9010301179
525;63855711045770;63855711045797;2;3,326843;9010301179
526;63855711046065;63855711046106;2;3,060814;9010301179
527;63855711046106;63855711046132;2;1,538115;9010301179
528;63855711046430;63855711046486;2;8,580162;9010301179
529;63855711046646;63855711046689;2;4,582702;9010301179
530;63855711046978;63855711047022;2;6,239542;9010301179
531;63855711047822;63855711047851;2;4,507543;9010301179
532;63855711048295;63855711048362;2;13,24845;9010301179
533;63855711048667;63855711048768;2;8,261251;9010301179
534;63855711048806;63855711048881;2;8,000719;9010301179
535;63855711048893;63855711048942;2;1,233528;9010301179
536;63855711049274;63855711049325;2;8,721072;9010301179
537;63855711049338;63855711049350;2;1,812186;9010301179
538;63855711049786;63855711049863;2;18,81669;9010301179
539;63855711050214;63855711050240;2;7,375281;9010301179
540;63855711050252;63855711050279;2;0,6003569;9010301179
541;63855711050331;63855711050398;2;8,871923;9010301179
542;63855711050411;63855711050463;2;3,287476;9010301179
543;63855711050555;63855711050570;2;1,369451;9010301179
544;63855711050740;63855711050753;2;1,248038;9010301179
545;63855711050860;63855711050886;2;2,773823;9010301179
546;63855711051529;63855711051554;2;7,159523;9010301179
547;63855711051594;63855711051606;2;2,333639;9010301179
548;63855711051632;63855711051709;2;9,632781;9010301179
549;63855711051721;63855711051760;2;3,453434;9010301179
550;63855711052026;63855711052178;2;2,76024;9010301179
551;63855711052193;63855711052218;2;1,750777;9010301179
552;63855711052243;63855711052373;2;6,406462;9010301179
553;63855711052438;63855711052593;2;3,033897;9010301179
554;63855711052643;63855711052657;2;1,57607;9010301179
555;63855711052708;63855711052889;2;5,905713;9010301179
556;63855711053099;63855711053139;2;3,501964;9010301179
557;63855711053348;63855711053361;2;1,315666;9010301179
558;63855711053503;63855711053528;2;10,08869;9010301179
559;63855711053761;63855711053811;2;6,947745;9010301179
560;63855711054030;63855711054106;2;26,70249;9010301179
561;63855711054144;63855711054158;2;1,741138;9010301179
562;63855711054322;63855711054335;2;2,098538;9010301179
563;63855711055139;63855711055197;2;8,905276;9010301179
564;63855711055213;63855711055315;2;9,483818;9010301179
565;63855711055358;63855711055486;2;7,984975;9010301179
566;63855711055486;63855711055515;2;5,249827;9010301179
567;63855711055672;63855711055701;2;11,71469;9010301179
568;63855711055759;63855711055773;2;0,5143426;9010301179
569;63855711055816;63855711055844;2;4,453379;9010301179
570;63855711055860;63855711055888;2;9,423813;9010301179
571;63855711056281;63855711056310;2;3,332547;9010301179
572;63855711056786;63855711056802;2;12,243;9010301179
573;63855711056816;63855711056859;2;15,9211;9010301179
574;63855711057329;63855711057359;2;2,572681;9010301179
575;63855711057373;63855711057386;2;5,618032;9010301179
576;63855711057575;63855711057760;2;23,75541;9010301179
577;63855711057773;63855711057802;2;11,43652;9010301179
578;63855711058261;63855711058288;2;2,333555;9010301179
579;63855711058827;63855711058840;2;1,631349;9010301179
580;63855711058882;63855711058966;2;12,28312;9010301179
581;63855711058981;63855711059009;2;4,50663;9010301179
582;63855711059009;63855711059039;2;2,087879;9010301179
583;63855711059052;63855711059126;2;13,42582;9010301179
584;63855711059281;63855711059337;2;15,11215;9010301179
585;63855711059351;63855711059406;2;7,791856;9010301179
586;63855711059660;63855711059685;2;4,906562;9010301179
587;63855711059711;63855711059891;2;3,878534;9010301179
588;63855711059929;63855711059991;2;7,380254;9010301179
589;63855711060015;63855711060051;2;2,937316;9010301179
590;63855711060138;63855711060174;2;4,582104;9010301179
591;63855711060891;63855711060903;2;1,200241;9010301179
592;63855711060916;63855711060928;2;1,455084;9010301179
593;63855711061272;63855711061376;2;14,87795;9010301179
594;63855711061454;63855711061547;2;6,642929;9010301179
595;63855711061680;63855711061732;2;11,5611;9010301179
596;63855711061906;63855711061920;2;1,553056;9010301179
597;63855711062532;63855711062572;2;9,158433;9010301179
598;63855711062784;63855711062797;2;2,161389;9010301179
599;63855711063002;63855711063064;2;17,82738;9010301179
600;63855711063310;63855711063395;2;15,26349;9010301179
601;63855711064382;63855711064419;2;6,137278;9010301179
602;63855711064827;63855711064850;2;6,219179;9010301179
603;63855711064863;63855711064887;2;4,831362;9010301179
604;63855711064887;63855711064999;2;12,56027;9010301179
605;63855711065011;63855711065036;2;2,349271;9010301179
606;63855711065133;63855711065146;2;1,364727;9010301179
607;63855711065302;63855711065350;2;20,87293;9010301179
608;63855711065697;63855711065709;2;7,402712;9010301179
609;63855711066696;63855711066719;2;12,21955;9010301179
610;63855711067009;63855711067055;2;7,101223;9010301179
611;63855711067338;63855711067373;2;6,016986;9010301179
612;63855711067619;63855711067666;2;5,609374;9010301179
613;63855711068007;63855711068030;2;1,461927;9010301179
614;63855711068640;63855711068676;2;8,375268;9010301179
615;63855711068903;63855711068951;2;12,66398;9010301179
616;63855711069504;63855711069515;2;3,603316;9010301179
617;63855711070191;63855711070215;2;10,67627;9010301179
618;63855711070302;63855711070314;2;2,654022;9010301179
619;63855711070901;63855711070926;2;3,440427;9010301179
620;63855711071148;63855711071196;2;9,139682;9010301179
621;63855711072312;63855711072337;2;4,663335;9010301179
622;63855711072348;63855711072371;2;2,553436;9010301179
623;63855711072616;63855711072653;2;8,627212;9010301179
624;63855711072828;63855711073006;2;12,85985;9010301179
625;63855711073046;63855711073162;2;5,044147;9010301179
626;63855711073215;63855711073280;2;6,601826;9010301179
627;63855711073292;63855711073346;2;9,580864;9010301179
628;63855711073762;63855711073802;2;10,25799;9010301179
629;63855711074117;63855711074169;2;14,11518;9010301179
630;63855711075949;63855711075976;2;12,52884;9010301179
631;63855711076142;63855711076171;2;3,419935;9010301179
632;63855711076183;63855711076198;2;2,904073;9010301179
633;63855711076226;63855711076296;2;4,100213;9010301179
634;63855711076324;63855711076562;2;20,91312;9010301179
635;63855711076605;63855711076632;2;1,472729;9010301179
636;63855711076632;63855711076648;2;1,361713;9010301179
637;63855711076661;63855711076704;2;4,787657;9010301179
638;63855711076717;63855711076744;2;12,95308;9010301179
639;63855711077528;63855711077569;2;7,577249;9010301179
640;63855711077993;63855711078047;2;15,82422;9010301179
641;63855711078471;63855711078526;2;15,78165;9010301179
642;63855711078959;63855711079014;2;5,996231;9010301179
643;63855711079070;63855711079153;2;5,65676;9010301179
644;63855711080005;63855711080033;2;7,052381;9010301179
645;63855711080746;63855711080928;2;30,49087;9010301179
646;63855711080957;63855711080982;2;2,645379;9010301179
647;63855711081176;63855711081250;2;11,5128;9010301179
648;63855711081263;63855711081373;2;11,30671;9010301179
649;63855711081670;63855711081706;2;4,002425;9010301179
650;63855711081939;63855711081963;2;4,177342;9010301179
651;63855711082434;63855711082472;2;8,205425;9010301179
652;63855711082624;63855711082661;2;8,5956;9010301179
653;63855711083525;63855711083538;2;1,593482;9010301179
654;63855711084235;63855711084272;2;10,03409;9010301179
655;63855711084284;63855711084323;2;5,277412;9010301179
656;63855711084359;63855711084436;2;5,476183;9010301179
657;63855711084448;63855711084473;2;8,164165;9010301179
658;63855711084637;63855711084662;2;3,032865;9010301179
659;63855711084907;63855711084960;2;4,465369;9010301179
660;63855711085346;63855711085409;2;14,78329;9010301179
661;63855711085681;63855711085731;2;9,610939;9010301179
662;63855711085886;63855711085926;2;18,33238;9010301179
663;63855711086158;63855711086170;2;1,123613;9010301179
664;63855711086439;63855711086479;2;9,956609;9010301179
665;63855711086721;63855711086774;2;10,32569;9010301179
666;63855711087481;63855711087518;2;5,839961;9010301179
667;63855711087741;63855711087781;2;8,188729;9010301179
668;63855711088705;63855711088747;2;9,060286;9010301179
669;63855711090497;63855711090525;2;3,089398;9010301179
670;63855711090538;63855711090592;2;11,83724;9010301179
671;63855711090745;63855711090907;2;18,09847;9010301179
672;63855711090970;63855711091042;2;6,567099;9010301179
673;63855711091526;63855711091550;2;1,810997;9010301179
674;63855711092286;63855711092350;2;10,6522;9010301179
675;63855711092479;63855711092505;2;3,495976;9010301179
676;63855711092595;63855711092636;2;3,490147;9010301179
677;63855711092688;63855711092715;2;4,276175;9010301179
678;63855711092928;63855711092953;2;3,830679;9010301179
679;63855711093190;63855711093228;2;2,822235;9010301179
680;63855711093347;63855711093399;2;7,513556;9010301179
681;63855711093867;63855711093916;2;17,79377;9010301179
682;63855711093941;63855711093967;2;1,496718;9010301179
683;63855711094030;63855711094042;2;2,604365;9010301179
684;63855711094648;63855711094698;2;11,53418;9010301179
685;63855711094798;63855711094836;2;5,514804;9010301179
686;63855711094873;63855711094897;2;2,563993;9010301179
687;63855711095310;63855711095335;2;13,45138;9010301179
688;63855711095569;63855711095618;2;10,96142;9010301179
689;63855711095936;63855711095961;2;3,56156;9010301179
690;63855711095999;63855711096062;2;5,446185;9010301179
691;63855711096127;63855711096228;2;8,93558;9010301179
692;63855711096240;63855711096279;2;15,36119;9010301179
693;63855711096379;63855711096441;2;4,592523;9010301179
694;63855711097376;63855711097431;2;14,41176;9010301179
695;63855711097559;63855711097629;2;12,13289;9010301179
696;63855711097929;63855711097943;2;2,881267;9010301179
697;63855711097972;63855711097986;2;0,2176059;9010301179
698;63855711098713;63855711098755;2;3,823823;9010301179
699;63855711099066;63855711099081;2;8,152421;9010301179
700;63855711099383;63855711099523;2;20,47694;9010301179
701;63855711099536;63855711099548;2;7,972404;9010301179
702;63855711099635;63855711099709;2;8,212027;9010301179
703;63855711099721;63855711099735;2;1,492659;9010301179
704;63855711099759;63855711099784;2;1,588808;9010301179
705;63855711100697;63855711100736;2;4,822636;9010301179
706;63855711100839;63855711100879;2;8,886394;9010301179
707;63855711101036;63855711101075;2;4,445455;9010301179
708;63855711101129;63855711101156;2;1,773544;9010301179
709;63855711102018;63855711102045;-2;2,063079;9010301179
710;63855711102285;63855711102312;-2;3,579874;9010301179
711;63855711102376;63855711102452;-2;6,943904;9010301179
712;63855711102516;63855711102541;-2;5,719711;9010301179
713;63855711102675;63855711102712;-2;6,840026;9010301179
714;63855711102914;63855711102962;-2;14,35394;9010301179
715;63855711103105;63855711103129;-2;1,341588;9010301179
716;63855711103202;63855711103226;-2;1,245998;9010301179
717;63855711103650;63855711103680;-2;3,598586;9010301179
718;63855711103693;63855711103708;-2;0,8166127;9010301179
719;63855711103736;63855711103751;-2;3,066182;9010301179
720;63855711103751;63855711103807;-2;3,908408;9010301179
721;63855711103836;63855711103879;-2;2,976706;9010301179
722;63855711103879;63855711103936;-2;1,357683;9010301179
723;63855711103950;63855711103979;-2;5,4838;9010301179
724;63855711104094;63855711104123;-2;2,591481;9010301179
725;63855711104152;63855711104179;-2;0,7080355;9010301179
726;63855711104193;63855711104220;-2;2,188117;9010301179
727;63855711104719;63855711104749;-2;1,062752;9010301179
728;63855711105196;63855711105252;-2;13,6295;9010301179
729;63855711105439;63855711105482;-2;1,320417;9010301179
730;63855711105801;63855711105813;-2;0,9095671;9010301179
731;63855711106018;63855711106054;-2;5,554708;9010301179
732;63855711106067;63855711106230;-2;18,53583;9010301179
733;63855711106298;63855711106356;-2;7,897669;9010301179
734;63855711106881;63855711106916;-2;3,768163;9010301179
735;63855711107132;63855711107158;-2;4,315113;9010301179
736;63855711108564;63855711108601;-2;3,478009;9010301179
737;63855711109285;63855711109332;-2;6,530928;9010301179
738;63855711110019;63855711110067;-2;6,065013;9010301179
739;63855711110470;63855711110509;3;4,594825;9010301179
740;63855711110730;63855711110789;3;10,67013;9010301179
741;63855711111214;63855711111248;3;4,979922;9010301179
742;63855711111520;63855711111556;3;3,621258;9010301179
743;63855711111750;63855711111783;3;4,984209;9010301179
744;63855711112068;63855711112091;3;2,674373;9010301179
745;63855711112386;63855711112432;3;3,760673;9010301179
746;63855711112660;63855711112695;3;4,341178;9010301179
747;63855711112898;63855711112934;3;8,624594;9010301179
748;63855711113161;63855711113207;3;15,5458;9010301179
749;63855711113560;63855711113606;3;14,32163;9010301179
750;63855711114096;63855711114141;3;6,883902;9010301179
751;63855711114405;63855711114427;3;2,972297;9010301179
752;63855711114682;63855711114729;3;8,45524;9010301179
753;63855711115549;63855711115595;3;4,263103;9010301179
754;63855711115782;63855711115818;3;7,523891;9010301179
755;63855711115936;63855711116080;3;17,18093;9010301179
756;63855711116443;63855711116597;3;25,1825;9010301179
757;63855711116597;63855711116624;3;10,29854;9010301179
758;63855711116636;63855711116662;3;9,833633;9010301179
759;63855711116662;63855711116713;3;4,231516;9010301179
760;63855711116726;63855711116869;3;13,01764;9010301179
761;63855711116908;63855711116948;3;7,658603;9010301179
762;63855711117117;63855711117157;3;16,82155;9010301179
763;63855711117679;63855711117730;3;7,793644;9010301179
764;63855711118035;63855711118060;3;6,157911;9010301179
765;63855711118827;63855711118852;3;11,01174;9010301179
766;63855711119033;63855711119072;3;2,828747;9010301179
767;63855711119358;63855711119423;3;19,2425;9010301179
768;63855711119603;63855711119616;3;2,018679;9010301179
769;63855711119641;63855711119680;3;4,131095;9010301179
770;63855711119926;63855711119991;3;27,85592;9010301179
771;63855711120030;63855711120043;3;1,44442;9010301179
772;63855711120070;63855711120108;3;5,573728;9010301179
773;63855711120276;63855711120291;3;0,324455;9010301179
774;63855711121332;63855711121375;3;10,49123;9010301179
775;63855711121494;63855711121539;3;4,314886;9010301179
776;63855711121628;63855711121658;3;4,705486;9010301179
777;63855711121703;63855711121762;3;10,25208;9010301179
778;63855711122378;63855711122393;3;4,192925;9010301179
779;63855711122669;63855711122723;3;5,073581;9010301179
780;63855711122874;63855711122974;3;16,96939;9010301179
781;63855711122986;63855711123025;3;4,959462;9010301179
782;63855711123050;63855711123075;3;8,539045;9010301179
783;63855711123138;63855711123150;3;1,618462;9010301179
784;63855711123162;63855711123201;3;4,504631;9010301179
785;63855711123214;63855711123238;3;1,925391;9010301179
786;63855711124174;63855711124214;3;10,22791;9010301179
787;63855711124317;63855711124357;3;5,31242;9010301179
788;63855711125749;63855711125774;3;2,371659;9010301179
789;63855711125774;63855711125798;3;4,121603;9010301179
790;63855711125811;63855711125823;3;1,892068;9010301179
791;63855711125937;63855711126001;3;6,423304;9010301179
792;63855711126051;63855711126090;3;6,811349;9010301179
793;63855711126165;63855711126280;3;8,764772;9010301179
794;63855711127081;63855711127094;3;1,069909;9010301179
795;63855711127094;63855711127119;3;2,373556;9010301179
796;63855711127412;63855711127475;3;14,02537;9010301179
797;63855711127846;63855711127872;3;9,23478;9010301179
798;63855711128435;63855711128484;3;1,044365;9010301179
799;63855711128727;63855711128739;3;2,02323;9010301179
800;63855711128868;63855711128893;3;12,88008;9010301179
801;63855711129123;63855711129210;3;12,19582;9010301179
802;63855711129248;63855711129323;3;7,87958;9010301179
803;63855711129497;63855711129537;3;7,85148;9010301179
804;63855711129727;63855711129841;3;13,71204;9010301179
805;63855711130206;63855711130248;3;13,67741;9010301179
806;63855711130373;63855711130386;3;1,42409;9010301179
807;63855711131285;63855711131313;3;6,094517;9010301179
808;63855711131326;63855711131340;3;1,903823;9010301179
809;63855711131885;63855711131898;3;4,570976;9010301179
810;63855711131923;63855711131947;3;7,730302;9010301179
811;63855711132034;63855711132059;3;4,522553;9010301179
812;63855711132495;63855711132531;3;3,761714;9010301179
813;63855711133154;63855711133181;3;4,312888;9010301179
814;63855711133194;63855711133207;3;2,15095;9010301179
815;63855711133234;63855711133247;3;3,201368;9010301179
816;63855711133286;63855711133299;3;2,043347;9010301179
817;63855711134640;63855711134678;3;6,243814;9010301179
818;63855711134764;63855711134839;3;5,381757;9010301179
819;63855711135107;63855711135134;3;1,901354;9010301179
820;63855711135147;63855711135212;3;2,463389;9010301179
821;63855711135563;63855711135604;3;6,483738;9010301179
822;63855711135826;63855711135851;3;7,167629;9010301179
823;63855711136022;63855711136073;3;4,284229;9010301179
824;63855711136295;63855711136308;3;5,566269;9010301179
825;63855711136413;63855711136479;3;12,73272;9010301179
826;63855711136660;63855711136673;3;1,918875;9010301179
827;63855711137120;63855711137160;3;4,629397;9010301179
828;63855711137383;63855711137424;3;9,181662;9010301179
829;63855711139184;63855711139270;3;11,29862;9010301179
830;63855711139313;63855711139398;3;10,17084;9010301179
831;63855711139413;63855711139441;3;3,136564;9010301179
832;63855711139484;63855711139498;3;1,446992;9010301179
833;63855711139513;63855711139542;3;2,064785;9010301179
834;63855711139628;63855711139672;3;4,572218;9010301179
835;63855711139830;63855711139874;3;4,457599;9010301179
836;63855711139947;63855711140005;3;9,264059;9010301179
837;63855711140520;63855711140593;3;5,878699;9010301179
838;63855711140606;63855711140649;3;3,077844;9010301179
839;63855711140972;63855711141039;3;11,39224;9010301179
840;63855711141334;63855711141420;3;10,50996;9010301179
841;63855711141434;63855711141446;3;2,179424;9010301179
842;63855711141887;63855711141939;3;9,966578;9010301179
843;63855711142090;63855711142114;3;1,346975;9010301179
844;63855711142587;63855711142614;3;7,787951;9010301179
845;63855711142627;63855711142653;3;5,144947;9010301179
846;63855711142796;63855711142837;3;5,101656;9010301179
847;63855711142942;63855711142956;3;1,653037;9010301179
848;63855711143871;63855711143909;3;6,304873;9010301179
849;63855711144305;63855711144356;3;13,55365;9010301179
850;63855711144539;63855711144586;3;15,07329;9010301179
851;63855711145008;63855711145080;3;16,80221;9010301179
852;63855711145860;63855711145883;3;8,31555;9010301179
853;63855711146116;63855711146174;3;14,89167;9010301179
854;63855711146326;63855711146361;3;6,760539;9010301179
855;63855711146526;63855711146584;3;18,66419;9010301179
856;63855711146813;63855711146848;3;8,711269;9010301179
857;63855711147183;63855711147195;3;6,059387;9010301179
858;63855711147673;63855711147720;3;11,69668;9010301179
859;63855711147900;63855711147936;3;16,79107;9010301179
860;63855711148689;63855711148713;3;10,51584;9010301179
861;63855711149968;63855711150003;3;3,431309;9010301179
862;63855711150282;63855711150317;3;5,581318;9010301179
863;63855711151124;63855711151173;3;6,080283;9010301179
864;63855711151614;63855711151704;3;12,27678;9010301179
865;63855711152093;63855711152133;3;7,577223;9010301179
866;63855711153202;63855711153255;3;3,626498;9010301179
867;63855711153603;63855711153661;3;12,56143;9010301179
868;63855711153775;63855711153848;3;14,75324;9010301179
869;63855711153906;63855711153920;3;1,30176;9010301179
870;63855711154035;63855711154093;3;5,70925;9010301179
871;63855711154136;63855711154179;3;3,170397;9010301179
872;63855711154338;63855711154396;3;3,96709;9010301179
873;63855711154846;63855711154860;3;4,505544;9010301179
874;63855711155106;63855711155120;3;2,014603;9010301179
875;63855711155135;63855711155162;3;3,57681;9010301179
876;63855711155178;63855711155205;3;2,895364;9010301179
877;63855711155508;63855711155571;3;10,41654;9010301179
878;63855711155571;63855711155595;3;3,339706;9010301179
879;63855711155608;63855711155658;3;3,196411;9010301179
880;63855711155671;63855711155708;3;5,361985;9010301179
881;63855711155722;63855711155800;3;6,451419;9010301179
882;63855711155940;63855711155979;3;2,295331;9010301179
883;63855711156539;63855711156592;3;10,20317;9010301179
884;63855711156725;63855711156779;3;6,754735;9010301179
885;63855711156925;63855711156951;3;2,210011;9010301179
886;63855711158117;63855711158181;3;10,17527;9010301179
887;63855711158349;63855711158402;3;6,059548;9010301179
888;63855711158673;63855711158698;3;2,235721;9010301179
889;63855711158840;63855711158906;3;6,468053;9010301179
890;63855711158983;63855711159036;3;1,613133;9010301179
891;63855711159615;63855711159640;3;3,998313;9010301179
892;63855711160642;63855711160701;3;11,89466;9010301179
893;63855711160785;63855711160829;3;3,294377;9010301179
894;63855711160858;63855711160902;3;9,072227;9010301179
895;63855711161205;63855711161234;3;7,807081;9010301179
896;63855711161392;63855711161436;3;17,79174;9010301179
897;63855711161668;63855711161711;3;3,345622;9010301179
898;63855711161725;63855711161769;3;3,645186;9010301179
899;63855711161796;63855711161812;3;6,286686;9010301179
900;63855711161869;63855711161896;3;3,304642;9010301179
901;63855711161925;63855711161981;3;9,213007;9010301179
902;63855711162182;63855711162196;3;5,595416;9010301179
903;63855711162289;63855711162475;3;17,28145;9010301179
904;63855711162557;63855711162569;3;10,34944;9010301179
905;63855711162582;63855711162595;3;2,034324;9010301179
906;63855711162673;63855711162738;3;5,823963;9010301179
907;63855711163129;63855711163153;3;2,453995;9010301179
908;63855711163876;63855711163914;3;9,845863;9010301179
909;63855711164017;63855711164056;3;2,873307;9010301179
910;63855711164094;63855711164146;3;5,425564;9010301179
911;63855711165148;63855711165160;-3;3,120921;9010301179
912;63855711165364;63855711165378;-3;2,212224;9010301179
913;63855711165549;63855711165597;-3;12,44803;9010301179
914;63855711165730;63855711165779;-3;14,02713;9010301179
915;63855711166171;63855711166194;-3;3,555672;9010301179
916;63855711166920;63855711166935;-3;3,450598;9010301179
917;63855711167323;63855711167378;-3;3,932484;9010301179
918;63855711169334;63855711169431;-3;9,148987;9010301179
919;63855711169638;63855711169662;-3;8,381854;9010301179
920;63855711169674;63855711169685;-3;2,885409;9010301179
921;63855711169794;63855711169855;-3;5,871059;9010301179
922;63855711169867;63855711169939;-3;5,925958;9010301179
923;63855711170037;63855711170085;-3;7,000397;9010301179
924;63855711170259;63855711170295;-3;4,351452;9010301179
925;63855711171360;63855711171412;-3;10,32826;9010301179
926;63855711171568;63855711171634;-3;1,72056;9010301179
927;63855711171647;63855711171727;-3;9,444918;9010301179
928;63855711171739;63855711171832;-3;9,150447;9010301179
929;63855711172596;63855711172609;-3;6,706832;9010301179
930;63855711172737;63855711172813;-3;5,178579;9010301179
931;63855711172901;63855711172951;-3;15,31443;9010301179
932;63855711173167;63855711173180;-3;2,478203;9010301179
933;63855711174857;63855711174895;-3;4,116087;9010301179
934;63855711176005;63855711176030;-3;2,659989;9010301179
935;63855711176229;63855711176267;-3;3,291285;9010301179
936;63855711176591;63855711176640;-3;5,464218;9010301179
937;63855711176879;63855711176903;-3;1,829597;9010301179
938;63855711177362;63855711177423;4;12,8083;9010301179
939;63855711177802;63855711177837;4;5,065697;9010301179
940;63855711178048;63855711178095;4;5,704614;9010301179
941;63855711178237;63855711178272;4;3,524145;9010301179
942;63855711178529;63855711178564;4;3,685199;9010301179
943;63855711178774;63855711178810;4;4,589494;9010301179
944;63855711179019;63855711179067;4;7,680533;9010301179
945;63855711179336;63855711179382;4;9,901211;9010301179
946;63855711180108;63855711180157;4;7,641132;9010301179
947;63855711180731;63855711180756;4;5,474788;9010301179
948;63855711180908;63855711180944;4;10,92716;9010301179
949;63855711181215;63855711181274;4;14,3682;9010301179
950;63855711181395;63855711181407;4;2,053284;9010301179
951;63855711181760;63855711181808;4;10,75667;9010301179
952;63855711182195;63855711182274;4;8,522146;9010301179
953;63855711182759;63855711182813;4;7,560474;9010301179
954;63855711182944;63855711182995;4;18,45308;9010301179
955;63855711183100;63855711183126;4;1,588808;9010301179
956;63855711183244;63855711183270;4;2,634182;9010301179
957;63855711183596;63855711183648;4;5,259299;9010301179
958;63855711183830;63855711183871;4;8,153433;9010301179
959;63855711184619;63855711184647;4;8,713884;9010301179
960;63855711185806;63855711185819;4;2,683507;9010301179
961;63855711185847;63855711185873;4;4,987784;9010301179
962;63855711186063;63855711186105;4;7,51515;9010301179
963;63855711186173;63855711186227;4;5,120248;9010301179
964;63855711186270;63855711186311;4;4,318923;9010301179
965;63855711186380;63855711186422;4;4,349066;9010301179
966;63855711186435;63855711186491;4;9,722129;9010301179
967;63855711186646;63855711186691;4;4,747801;9010301179
968;63855711186705;63855711186719;4;3,183707;9010301179
969;63855711186806;63855711186836;4;2,549601;9010301179
970;63855711187173;63855711187202;4;2,97256;9010301179
971;63855711187216;63855711187230;4;7,334465;9010301179
972;63855711187538;63855711187581;4;10,39364;9010301179
973;63855711187889;63855711187903;4;1,398158;9010301179
974;63855711188756;63855711188843;4;4,25823;9010301179
975;63855711188856;63855711188881;4;1,875445;9010301179
976;63855711188881;63855711189005;4;13,53488;9010301179
977;63855711190303;63855711190356;4;5,214286;9010301179
978;63855711190369;63855711190422;4;7,044309;9010301179
979;63855711190489;63855711190515;4;3,167432;9010301179
980;63855711190556;63855711190581;4;3,411739;9010301179
981;63855711191804;63855711191829;4;4,028614;9010301179
982;63855711191972;63855711192127;4;11,97131;9010301179
983;63855711192217;63855711192348;4;0,1619255;9010301179
984;63855711192884;63855711192911;4;6,590975;9010301179
985;63855711193198;63855711193238;4;9,054102;9010301179
986;63855711193682;63855711193708;4;19,3608;9010301179
987;63855711193827;63855711193867;4;3,663457;9010301179
988;63855711193880;63855711193944;4;5,344965;9010301179
989;63855711194073;63855711194099;4;2,122279;9010301179
990;63855711194305;63855711194332;4;2,54476;9010301179
991;63855711195356;63855711195406;4;8,234922;9010301179
992;63855711196814;63855711196857;4;6,617995;9010301179
993;63855711196884;63855711196914;4;3,071859;9010301179
994;63855711196941;63855711196957;4;2,060041;9010301179
995;63855711197027;63855711197057;4;12,20463;9010301179
996;63855711197241;63855711197299;4;8,987693;9010301179
997;63855711197356;63855711197370;4;1,943803;9010301179
998;63855711197440;63855711197496;4;5,305703;9010301179
999;63855711197525;63855711197581;4;9,277414;9010301179
1000;63855711197708;63855711197765;4;8,737657;9010301179
1001;63855711198074;63855711198090;4;1,583874;9010301179
1002;63855711198771;63855711198784;4;1,422165;9010301179
1003;63855711198872;63855711198914;4;3,80668;9010301179
1004;63855711199322;63855711199372;4;8,407702;9010301179
1005;63855711199486;63855711199499;4;1,965729;9010301179
1006;63855711199511;63855711199599;4;12,37416;9010301179
1007;63855711199599;63855711199624;4;1,115398;9010301179
1008;63855711199674;63855711199700;4;0,7972127;9010301179
1009;63855711199712;63855711199725;4;2,480334;9010301179
1010;63855711199737;63855711199800;4;5,740098;9010301179
1011;63855711200158;63855711200195;4;5,634161;9010301179
1012;63855711200558;63855711200583;4;1,950436;9010301179
1013;63855711200961;63855711200988;4;7,763087;9010301179
1014;63855711201001;63855711201026;4;8,308084;9010301179
1015;63855711201239;63855711201252;4;2,106915;9010301179
1016;63855711201306;63855711201321;4;4,279884;9010301179
1017;63855711201334;63855711201361;4;3,485207;9010301179
1018;63855711201482;63855711201510;4;2,175019;9010301179
1019;63855711202402;63855711202428;4;3,123993;9010301179
1020;63855711202479;63855711202530;4;5,990932;9010301179
1021;63855711203272;63855711203284;4;6,288058;9010301179
1022;63855711203371;63855711203382;4;1,873462;9010301179
1023;63855711203829;63855711203855;4;0,9644893;9010301179
1024;63855711204656;63855711204680;4;2,258368;9010301179
1025;63855711204692;63855711204726;4;3,773875;9010301179
1026;63855711205748;63855711205783;4;7,550396;9010301179
1027;63855711205951;63855711205962;4;2,308934;9010301179
1028;63855711206213;63855711206260;4;7,857128;9010301179
1029;63855711207706;63855711207778;4;10,98976;9010301179
1030;63855711208263;63855711208300;4;11,39805;9010301179
1031;63855711208490;63855711208549;4;26,7816;9010301179
1032;63855711208813;63855711208849;4;9,420474;9010301179
1033;63855711209041;63855711209090;4;11,00441;9010301179
1034;63855711209185;63855711209234;4;17,99058;9010301179
1035;63855711209969;63855711209993;4;3,53391;9010301179
1036;63855711210461;63855711210474;4;0,8055148;9010301179
1037;63855711211382;63855711211406;4;2,305966;9010301179
1038;63855711211806;63855711211819;4;6,597963;9010301179
1039;63855711211973;63855711212066;4;7,115491;9010301179
1040;63855711212379;63855711212432;4;4,525844;9010301179
1041;63855711212588;63855711212600;4;2,246812;9010301179
1042;63855711213160;63855711213199;4;7,903359;9010301179
1043;63855711213471;63855711213496;4;1,895995;9010301179
1044;63855711214428;63855711214481;4;12,09563;9010301179
1045;63855711214756;63855711214798;4;5,237047;9010301179
1046;63855711214826;63855711214855;4;2,217791;9010301179
1047;63855711214896;63855711214926;4;2,755485;9010301179
1048;63855711214926;63855711214982;4;5,035594;9010301179
1049;63855711214997;63855711215026;4;2,766757;9010301179
1050;63855711215099;63855711215127;4;2,271072;9010301179
1051;63855711215285;63855711215314;4;3,055629;9010301179
1052;63855711215329;63855711215372;4;2,955918;9010301179
1053;63855711215445;63855711215474;4;4,71991;9010301179
1054;63855711215548;63855711215577;4;6,348693;9010301179
1055;63855711215710;63855711215752;4;11,53683;9010301179
1056;63855711216461;63855711216504;4;3,067012;9010301179
1057;63855711216860;63855711216938;4;14,1961;9010301179
1058;63855711216963;63855711217115;4;2,392038;9010301179
1059;63855711217154;63855711217191;4;3,946055;9010301179
1060;63855711217204;63855711217217;4;1,807211;9010301179
1061;63855711217596;63855711217622;4;5,100311;9010301179
1062;63855711218311;63855711218361;4;11,41045;9010301179
1063;63855711218541;63855711218580;4;10,15987;9010301179
1064;63855711218711;63855711218737;4;2,493557;9010301179
1065;63855711219094;63855711219148;4;11,23766;9010301179
1066;63855711219292;63855711219346;4;4,74908;9010301179
1067;63855711220188;63855711220263;4;10,04395;9010301179
1068;63855711220662;63855711220703;4;4,161983;9010301179
1069;63855711220806;63855711220924;4;11,02202;9010301179
1070;63855711220950;63855711220977;4;3,897521;9010301179
1071;63855711221487;63855711221538;4;4,75345;9010301179
1072;63855711221957;63855711222008;4;6,531679;9010301179
1073;63855711222088;63855711222100;4;4,817312;9010301179
1074;63855711222113;63855711222139;4;4,934155;9010301179
1075;63855711222545;63855711222583;4;6,215143;9010301179
1076;63855711222756;63855711222848;4;32,86596;9010301179
1077;63855711222888;63855711222901;4;2,374216;9010301179
1078;63855711222913;63855711223045;4;3,040601;9010301179
1079;63855711223109;63855711223174;4;13,41878;9010301179
1080;63855711223189;63855711223214;4;3,351702;9010301179
1081;63855711223214;63855711223344;4;12,95214;9010301179
1082;63855711224585;63855711224601;4;1,161296;9010301179
1083;63855711224783;63855711224812;4;6,643991;9010301179
1084;63855711224825;63855711224839;4;3,066948;9010301179
1085;63855711224855;63855711224882;4;2,218409;9010301179
1086;63855711225024;63855711225067;4;4,89633;9010301179
1087;63855711225094;63855711225108;4;2,14594;9010301179
1088;63855711225124;63855711225210;4;2,024004;9010301179
1089;63855711225437;63855711225480;4;13,39489;9010301179
1090;63855711225607;63855711225678;4;4,940544;9010301179
1091;63855711226635;63855711226691;4;7,167109;9010301179
1092;63855711227101;63855711227154;4;8,095727;9010301179
1093;63855711227154;63855711227204;4;9,692761;9010301179
1094;63855711227280;63855711227305;4;6,078703;9010301179
1095;63855711227369;63855711227408;4;1,663423;9010301179
1096;63855711227757;63855711227781;4;3,347435;9010301179
1097;63855711228522;63855711228601;4;15,31294;9010301179
1098;63855711228733;63855711228773;4;6,408084;9010301179
1099;63855711228918;63855711228959;4;3,008953;9010301179
1100;63855711229763;63855711229777;-4;2,129736;9010301179
1101;63855711229912;63855711229938;-4;7,217463;9010301179
1102;63855711230016;63855711230043;-4;3,432963;9010301179
1103;63855711230245;63855711230270;-4;4,148174;9010301179
1104;63855711230370;63855711230420;-4;18,80459;9010301179
1105;63855711230825;63855711230874;-4;5,342911;9010301179
1106;63855711230999;63855711231023;-4;3,597824;9010301179
1107;63855711231428;63855711231444;-4;5,120325;9010301179
1108;63855711232104;63855711232134;-4;4,461464;9010301179
1109;63855711232266;63855711232310;-4;4,04036;9010301179
1110;63855711233279;63855711233308;-4;3,298119;9010301179
1111;63855711233517;63855711233562;-4;5,342545;9010301179
1112;63855711234225;63855711234270;-4;2,79155;9010301179
1113;63855711236257;63855711236270;-4;2,366867;9010301179
1114;63855711236383;63855711236457;-4;9,958346;9010301179
1115;63855711236480;63855711236584;-4;7,842701;9010301179
1116;63855711236665;63855711236711;-4;9,413212;9010301179
1117;63855711236978;63855711237035;-4;7,073544;9010301179
1118;63855711239003;63855711239038;-4;4,231701;9010301179
1119;63855711239433;63855711239480;-4;6,703673;9010301179
1120;63855711240806;63855711240855;-4;6,087919;9010301179
1121;63855711241166;63855711241248;-4;17,43996;9010301179
1122;63855711241619;63855711241656;5;4,021462;9010301179
1123;63855711241799;63855711241822;5;1,661775;9010301179
1124;63855711242089;63855711242123;5;2,758183;9010301179
1125;63855711242571;63855711242605;5;4,320918;9010301179
1126;63855711243149;63855711243173;5;6,64942;9010301179
1127;63855711243490;63855711243574;5;5,187122;9010301179
1128;63855711243683;63855711243807;5;12,89005;9010301179
1129;63855711243807;63855711243870;5;15,62258;9010301179
1130;63855711243945;63855711244240;5;3,31523;9010301179
1131;63855711244359;63855711244426;5;7,6418;9010301179
1132;63855711245062;63855711245129;5;1,383808;9010301179
1133;63855711245236;63855711245357;5;3,992578;9010301179
1134;63855711245474;63855711245539;5;6,336637;9010301179
1135;63855711245579;63855711245592;5;3,131441;9010301179
1136;63855711245838;63855711245891;5;4,978703;9010301179
1137;63855711246267;63855711246280;5;3,057935;9010301179
1138;63855711246671;63855711246684;5;1,199589;9010301179
1139;63855711247555;63855711247593;5;8,8829;9010301179
1140;63855711247695;63855711247747;5;10,38527;9010301179
1141;63855711248084;63855711248123;5;9,133059;9010301179
1142;63855711248483;63855711248523;5;7,357675;9010301179
1143;63855711249721;63855711249748;5;4,10241;9010301179
1144;63855711249899;63855711249954;5;4,113232;9010301179
1145;63855711250374;63855711250415;5;3,472318;9010301179
1146;63855711250469;63855711250495;5;2,568265;9010301179
1147;63855711250738;63855711250779;5;2,90414;9010301179
1148;63855711250930;63855711250999;5;7,383231;9010301179
1149;63855711251181;63855711251194;5;7,262122;9010301179
1150;63855711251210;63855711251265;5;6,09426;9010301179
1151;63855711251743;63855711251792;5;5,707087;9010301179
1152;63855711252148;63855711252185;5;10,33788;9010301179
1153;63855711252591;63855711252629;5;10,63242;9010301179
1154;63855711252643;63855711252668;5;3,432735;9010301179
1155;63855711252882;63855711252933;5;13,30355;9010301179
1156;63855711253190;63855711253240;5;13,15885;9010301179
1157;63855711253435;63855711253460;5;3,137;9010301179
1158;63855711253659;63855711253699;5;5,785638;9010301179
1159;63855711254533;63855711254688;5;13,48078;9010301179
1160;63855711254726;63855711254778;5;4,498887;9010301179
1161;63855711254922;63855711254960;5;19,67056;9010301179
1162;63855711255050;63855711255064;5;2,806725;9010301179
1163;63855711255090;63855711255103;5;1,716118;9010301179
1164;63855711255128;63855711255155;5;2,92302;9010301179
1165;63855711255168;63855711255180;5;1,54965;9010301179
1166;63855711255567;63855711255605;5;2,322626;9010301179
1167;63855711255838;63855711255864;5;7,515541;9010301179
1168;63855711256699;63855711256711;5;1,693273;9010301179
1169;63855711256851;63855711256878;5;6,34511;9010301179
1170;63855711257183;63855711257210;5;4,625418;9010301179
1171;63855711258135;63855711258164;5;4,235032;9010301179
1172;63855711259211;63855711259239;5;3,378697;9010301179
1173;63855711259834;63855711259947;5;24,62502;9010301179
1174;63855711260020;63855711260034;5;2,332045;9010301179
1175;63855711260047;63855711260077;5;3,830117;9010301179
1176;63855711260090;63855711260104;5;1,623894;9010301179
1177;63855711260134;63855711260148;5;5,042943;9010301179
1178;63855711260161;63855711260177;5;12,19786;9010301179
1179;63855711260234;63855711260262;5;2,089004;9010301179
1180;63855711260292;63855711260350;5;5,928206;9010301179
1181;63855711260626;63855711260667;5;3,403753;9010301179
1182;63855711260746;63855711260772;5;1,842388;9010301179
1183;63855711260837;63855711260877;5;10,6249;9010301179
1184;63855711260890;63855711260915;5;1,948428;9010301179
1185;63855711260943;63855711261110;5;19,35681;9010301179
1186;63855711261223;63855711261299;5;5,344818;9010301179
1187;63855711261712;63855711261748;5;9,645977;9010301179
1188;63855711262402;63855711262456;5;16,36694;9010301179
1189;63855711262599;63855711262637;5;9,89545;9010301179
1190;63855711263480;63855711263520;5;1,907725;9010301179
1191;63855711263905;63855711263981;5;8,333689;9010301179
1192;63855711264233;63855711264318;5;7,046982;9010301179
1193;63855711264418;63855711264531;5;3,782737;9010301179
1194;63855711264658;63855711264748;5;12,66037;9010301179
1195;63855711265003;63855711265039;5;9,114558;9010301179
1196;63855711265103;63855711265128;5;6,119267;9010301179
1197;63855711265191;63855711265254;5;6,755896;9010301179
1198;63855711266565;63855711266628;5;25,37656;9010301179
1199;63855711266759;63855711266784;5;22,45585;9010301179
1200;63855711267794;63855711267851;5;8,905187;9010301179
1201;63855711267937;63855711267994;5;14,32287;9010301179
1202;63855711268068;63855711268111;5;5,336967;9010301179
1203;63855711268444;63855711268459;5;2,839384;9010301179
1204;63855711269080;63855711269110;5;2,249075;9010301179
1205;63855711269913;63855711269980;5;14,19978;9010301179
1206;63855711269993;63855711270102;5;6,909612;9010301179
1207;63855711270169;63855711270235;5;6,632263;9010301179
1208;63855711270235;63855711270288;5;3,199778;9010301179
1209;63855711270288;63855711270339;5;3,266506;9010301179
1210;63855711270391;63855711270416;5;2,410865;9010301179
1211;63855711270609;63855711270646;5;6,897707;9010301179
1212;63855711271282;63855711271295;5;1,564355;9010301179
1213;63855711271310;63855711271388;5;14,66164;9010301179
1214;63855711271466;63855711271517;5;3,574182;9010301179
1215;63855711271532;63855711271557;5;2,285504;9010301179
1216;63855711272543;63855711272556;-5;2,929442;9010301179
1217;63855711272556;63855711272581;-5;2,438152;9010301179
1218;63855711272620;63855711272693;-5;6,110611;9010301179
1219;63855711272828;63855711272878;-5;6,549817;9010301179
1220;63855711272914;63855711272976;-5;8,540816;9010301179
1221;63855711273778;63855711273881;-5;12,05975;9010301179
1222;63855711273999;63855711274071;-5;3,017594;9010301179
1223;63855711274277;63855711274292;-5;1,501808;9010301179
1224;63855711274456;63855711274487;-5;4,343884;9010301179
1225;63855711274592;63855711274650;-5;4,163019;9010301179
1226;63855711274666;63855711274694;-5;1,621724;9010301179
1227;63855711276680;63855711276705;-5;3,866347;9010301179
1228;63855711276731;63855711276769;-5;4,942328;9010301179
1229;63855711277033;63855711277082;-5;6,97862;9010301179
1230;63855711277133;63855711277193;-5;5,355;9010301179
1231;63855711277304;63855711277340;-5;10,25448;9010301179
1232;63855711277495;63855711277544;-5;5,563346;9010301179
1233;63855711277651;63855711277711;-5;13,27021;9010301179
1234;63855711277911;63855711277958;-5;14,00951;9010301179
1235;63855711278232;63855711278315;-5;4,868845;9010301179
1236;63855711278547;63855711278583;-5;3,839461;9010301179
1237;63855711278953;63855711278990;-5;4,39338;9010301179
1238;63855711280220;63855711280232;-5;3,868271;9010301179
1239;63855711280554;63855711280602;-5;11,19992;9010301179
1240;63855711280885;63855711280923;-5;5,757554;9010301179
1241;63855711280995;63855711281045;-5;16,7513;9010301179
1242;63855711281156;63855711281193;-5;17,60717;9010301179
1243;63855711281403;63855711281427;-5;1,842388;9010301179
1244;63855711281847;63855711281895;-5;10,02788;9010301179
1245;63855711282080;63855711282105;-5;6,992126;9010301179
1246;63855711282228;63855711282255;-5;4,827671;9010301179
1247;63855711282414;63855711282476;-5;32,25228;9010301179
1248;63855711282871;63855711282909;-5;5,179297;9010301179
1249;63855711283168;63855711283205;-5;4,214031;9010301179
1250;63855711283279;63855711283304;-5;2,923288;9010301179
1251;63855711283850;63855711283900;-5;10,92535;9010301179
1252;63855711284246;63855711284295;-5;10,99856;9010301179
1253;63855711284592;63855711284640;6;5,120975;9010301179
1254;63855711284822;63855711284857;6;6,521193;9010301179
1255;63855711285116;63855711285139;6;4,277229;9010301179
1256;63855711285517;63855711285554;6;5,102001;9010301179
1257;63855711285789;63855711285824;6;4,918766;9010301179
1258;63855711285920;63855711285956;6;9,074609;9010301179
1259;63855711286384;63855711286410;6;3,081594;9010301179
1260;63855711286744;63855711286791;6;7,807383;9010301179
1261;63855711287054;63855711287101;6;6,763672;9010301179
1262;63855711287243;63855711287279;6;8,529242;9010301179
1263;63855711287459;63855711287508;6;8,657507;9010301179
1264;63855711287931;63855711288058;6;17,64961;9010301179
1265;63855711288097;63855711288224;6;16,68854;9010301179
1266;63855711288238;63855711288264;6;8,66261;9010301179
1267;63855711288382;63855711288500;6;13,34072;9010301179
1268;63855711288513;63855711288553;6;5,940165;9010301179
1269;63855711288592;63855711288710;6;5,752752;9010301179
1270;63855711288722;63855711288748;6;1,813481;9010301179
1271;63855711288760;63855711288839;6;7,918321;9010301179
1272;63855711288945;63855711288970;6;2,945835;9010301179
1273;63855711289327;63855711289354;6;2,392611;9010301179
1274;63855711289434;63855711289447;6;1,718283;9010301179
1275;63855711289460;63855711289475;6;1,330898;9010301179
1276;63855711289876;63855711289901;6;11,03694;9010301179
1277;63855711291347;63855711291375;6;2,660651;9010301179
1278;63855711292139;63855711292182;6;12,16275;9010301179
1279;63855711292198;63855711292212;6;2,995521;9010301179
1280;63855711292313;63855711292357;6;4,301566;9010301179
1281;63855711292416;63855711292445;6;1,912336;9010301179
1282;63855711292653;63855711292668;6;2,417999;9010301179
1283;63855711292948;63855711292978;6;9,285313;9010301179
1284;63855711293126;63855711293156;6;2,869217;9010301179
1285;63855711293682;63855711293757;6;6,421503;9010301179
1286;63855711294034;63855711294061;6;6,509425;9010301179
1287;63855711294061;63855711294104;6;7,010701;9010301179
1288;63855711294133;63855711294146;6;2,408428;9010301179
1289;63855711294321;63855711294488;6;8,164213;9010301179
1290;63855711294603;63855711294731;6;12,43719;9010301179
1291;63855711295945;63855711295995;6;8,35019;9010301179
1292;63855711296009;63855711296047;6;5,890391;9010301179
1293;63855711296412;63855711296437;6;5,737775;9010301179
1294;63855711297262;63855711297289;6;4,055358;9010301179
1295;63855711297609;63855711297681;6;15,92314;9010301179
1296;63855711297693;63855711297743;6;15,08308;9010301179
1297;63855711297805;63855711297856;6;6,67118;9010301179
1298;63855711297869;63855711297920;6;4,582318;9010301179
1299;63855711298123;63855711298136;6;1,486221;9010301179
1300;63855711298238;63855711298250;6;3,00433;9010301179
1301;63855711298494;63855711298522;6;10,50951;9010301179
1302;63855711298625;63855711298677;6;8,129559;9010301179
1303;63855711298690;63855711298743;6;10,29566;9010301179
1304;63855711298821;63855711298924;6;10,51945;9010301179
1305;63855711298951;63855711298977;6;9,199409;9010301179
1306;63855711299393;63855711299417;6;16,6423;9010301179
1307;63855711299457;63855711299482;6;1,793078;9010301179
1308;63855711299600;63855711299638;6;3,348897;9010301179
1309;63855711299972;63855711300012;6;4,818776;9010301179
1310;63855711300308;63855711300359;6;9,059309;9010301179
1311;63855711300503;63855711300555;6;7,234025;9010301179
1312;63855711300698;63855711300723;6;2,501942;9010301179
1313;63855711300944;63855711300957;6;7,587989;9010301179
1314;63855711300969;63855711300982;6;9,56608;9010301179
1315;63855711301086;63855711301161;6;7,76114;9010301179
1316;63855711301201;63855711301226;6;2,540757;9010301179
1317;63855711301380;63855711301393;6;1,551291;9010301179
1318;63855711301880;63855711301920;6;9,885727;9010301179
1319;63855711302770;63855711302784;6;8,625254;9010301179
1320;63855711302911;63855711302967;6;8,256948;9010301179
1321;63855711302993;63855711303008;6;1,281458;9010301179
1322;63855711303021;63855711303047;6;4,669044;9010301179
1323;63855711303102;63855711303128;6;1,756469;9010301179
1324;63855711303903;63855711303928;6;2,20096;9010301179
1325;63855711304022;63855711304035;6;1,441844;9010301179
1326;63855711304273;63855711304402;6;20,34832;9010301179
1327;63855711304414;63855711304450;6;9,621387;9010301179
1328;63855711304584;63855711304658;6;8,257305;9010301179
1329;63855711304658;63855711304780;6;2,217262;9010301179
1330;63855711304855;63855711304903;6;7,013863;9010301179
1331;63855711304915;63855711304942;6;2,40257;9010301179
1332;63855711304978;63855711305014;6;2,948956;9010301179
1333;63855711305398;63855711305436;6;4,224429;9010301179
1334;63855711305961;63855711306001;6;8,803103;9010301179
1335;63855711306288;63855711306313;6;2,711805;9010301179
1336;63855711307425;63855711307438;6;3,293901;9010301179
1337;63855711307688;63855711307713;6;4,297056;9010301179
1338;63855711307713;63855711307765;6;8,433286;9010301179
1339;63855711307931;63855711308104;6;15,81642;9010301179
1340;63855711309284;63855711309309;6;1,600833;9010301179
1341;63855711309321;63855711309345;6;1,25523;9010301179
1342;63855711309536;63855711309560;6;2,333975;9010301179
1343;63855711309973;63855711309986;6;2,544144;9010301179
1344;63855711311992;63855711312039;6;6,943339;9010301179
1345;63855711312088;63855711312123;6;2,83179;9010301179
1346;63855711312380;63855711312430;6;4,547001;9010301179
1347;63855711312602;63855711312614;6;10,82004;9010301179
1348;63855711312626;63855711312651;6;5,481656;9010301179
1349;63855711312888;63855711312924;6;10,7845;9010301179
1350;63855711313023;63855711313036;6;1,488852;9010301179
1351;63855711313257;63855711313293;6;5,117378;9010301179
1352;63855711313576;63855711313613;6;2,332884;9010301179
1353;63855711313723;63855711313760;6;2,537365;9010301179
1354;63855711313990;63855711314049;6;6,190236;9010301179
1355;63855711315666;63855711315808;6;6,890224;9010301179
1356;63855711315820;63855711315845;6;7,893195;9010301179
1357;63855711315858;63855711315870;6;2,293881;9010301179
1358;63855711315922;63855711316012;6;8,727197;9010301179
1359;63855711316114;63855711316141;6;1,703758;9010301179
1360;63855711316581;63855711316608;6;6,662885;9010301179
1361;63855711316923;63855711316963;6;18,55602;9010301179
1362;63855711317556;63855711317582;6;2,230112;9010301179
1363;63855711317888;63855711317914;6;2,570169;9010301179
1364;63855711318088;63855711318140;6;27,13581;9010301179
1365;63855711318259;63855711318390;6;10,60803;9010301179
1366;63855711318403;63855711318442;6;3,524479;9010301179
1367;63855711318456;63855711318468;6;1,385221;9010301179
1368;63855711318481;63855711318521;6;2,591481;9010301179
1369;63855711319615;63855711319658;6;9,467928;9010301179
1370;63855711319730;63855711319757;6;2,463548;9010301179
1371;63855711319814;63855711319844;6;4,216911;9010301179
1372;63855711319945;63855711319989;6;8,294176;9010301179
1373;63855711320627;63855711320686;6;3,872925;9010301179
1374;63855711320814;63855711320843;6;4,401175;9010301179
1375;63855711320956;63855711321027;6;8,223351;9010301179
1376;63855711321125;63855711321197;6;10,01041;9010301179
1377;63855711321197;63855711321224;6;2,068479;9010301179
1378;63855711321224;63855711321266;6;3,28563;9010301179
1379;63855711321293;63855711321377;6;10,22208;9010301179
1380;63855711321390;63855711321403;6;1,606203;9010301179
1381;63855711321881;63855711321894;6;3,019085;9010301179
1382;63855711321920;63855711322032;6;13,87785;9010301179
1383;63855711322483;63855711322495;6;1,400675;9010301179
1384;63855711323024;63855711323063;6;5,40983;9010301179
1385;63855711323192;63855711323244;6;9,322659;9010301179
1386;63855711323309;63855711323348;6;3,252211;9010301179
1387;63855711324371;63855711324399;-6;3,652966;9010301179
1388;63855711324622;63855711324634;-6;3,229012;9010301179
1389;63855711324647;63855711324659;-6;0,8784871;9010301179
1390;63855711324903;63855711324942;-6;5,256168;9010301179
1391;63855711325144;63855711325169;-6;7,090219;9010301179
1392;63855711325292;63855711325317;-6;10,80095;9010301179
1393;63855711326365;63855711326379;-6;2,371989;9010301179
1394;63855711327769;63855711327834;-6;8,02397;9010301179
1395;63855711328164;63855711328202;-6;6,036828;9010301179
1396;63855711328291;63855711328342;-6;4,885314;9010301179
1397;63855711328492;63855711328604;-6;21,44702;9010301179
1398;63855711329553;63855711329593;-6;3,346031;9010301179
1399;63855711329866;63855711329894;-6;2,897662;9010301179
1400;63855711329910;63855711329925;-6;2,84682;9010301179
1401;63855711333069;63855711333099;-6;10,22528;9010301179
1402;63855711333113;63855711333128;-6;2,356092;9010301179
1403;63855711333157;63855711333171;-6;1,970601;9010301179
1404;63855711333388;63855711333413;-6;1,628587;9010301179
1405;63855711333413;63855711333502;-6;13,39304;9010301179
1406;63855711333514;63855711333565;-6;5,984679;9010301179
1407;63855711333603;63855711333653;-6;4,579581;9010301179
1408;63855711333789;63855711333825;-6;5,018056;9010301179
1409;63855711334045;63855711334093;-6;7,235381;9010301179
1410;63855711334252;63855711334300;-6;12,51753;9010301179
1411;63855711335053;63855711335088;-6;6,590945;9010301179
1412;63855711335229;63855711335277;-6;16,16864;9010301179
1413;63855711335456;63855711335503;-6;19,90262;9010301179
1414;63855711336332;63855711336368;-6;4,880661;9010301179
1415;63855711336814;63855711336850;-6;5,499003;9010301179
1416;63855711338445;63855711338493;-6;5,791158;9010301179
1417;63855711339103;63855711339142;-6;5,731042;9010301179
1418;63855711339472;63855711339498;-6;2,968738;9010301179
1419;63855711340139;63855711340189;-6;5,85384;9010301179
1420;63855711340455;63855711340515;-6;17,80998;9010301179
1421;63855711340878;63855711340890;7;2,498105;9010301179
1422;63855711341391;63855711341427;7;3,259246;9010301179
1423;63855711341923;63855711341959;7;4,699696;9010301179
1424;63855711342656;63855711342691;7;5,024377;9010301179
1425;63855711342989;63855711343036;7;8,385953;9010301179
1426;63855711343369;63855711343404;7;7,353034;9010301179
1427;63855711343678;63855711343726;7;8,955018;9010301179
1428;63855711344024;63855711344059;7;5,441649;9010301179
1429;63855711344287;63855711344323;7;4,104033;9010301179
1430;63855711344875;63855711344887;7;5,552309;9010301179
1431;63855711345156;63855711345193;7;4,218258;9010301179
1432;63855711345243;63855711345292;7;4,868564;9010301179
1433;63855711345292;63855711345319;7;1,709262;9010301179
1434;63855711345357;63855711345511;7;16,5395;9010301179
1435;63855711345524;63855711345564;7;6,476779;9010301179
1436;63855711345667;63855711345692;7;2,31579;9010301179
1437;63855711345902;63855711345927;7;5,189955;9010301179
1438;63855711345942;63855711345942;7;10,76775;9010301179
1439;63855711346071;63855711346124;7;7,716809;9010301179
1440;63855711346124;63855711346387;7;14,78658;9010301179
1441;63855711346519;63855711346676;7;16,15022;9010301179
1442;63855711346728;63855711346768;7;5,756702;9010301179
1443;63855711347060;63855711347100;7;3,411051;9010301179
1444;63855711347787;63855711347838;7;25,37247;9010301179
1445;63855711347865;63855711347878;7;1,322046;9010301179
1446;63855711348581;63855711348609;7;5,380009;9010301179
1447;63855711348855;63855711348893;7;8,59528;9010301179
1448;63855711349997;63855711350038;7;5,084035;9010301179
1449;63855711350138;63855711350153;7;2,253509;9010301179
1450;63855711350153;63855711350181;7;4,706735;9010301179
1451;63855711350181;63855711350196;7;2,28139;9010301179
1452;63855711350441;63855711350455;7;2,558338;9010301179
1453;63855711350541;63855711350569;7;3,129753;9010301179
1454;63855711351748;63855711351789;7;5,157765;9010301179
1455;63855711352256;63855711352308;7;7,767409;9010301179
1456;63855711352333;63855711352359;7;0,6775311;9010301179
1457;63855711352446;63855711352522;7;7,780461;9010301179
1458;63855711352534;63855711352571;7;2,676422;9010301179
1459;63855711352685;63855711352697;7;3,712673;9010301179
1460;63855711352710;63855711352736;7;1,943601;9010301179
1461;63855711352887;63855711352924;7;3,273571;9010301179
1462;63855711353719;63855711353770;7;10,60933;9010301179
1463;63855711353903;63855711353943;7;7,376318;9010301179
1464;63855711355134;63855711355303;7;10,23368;9010301179
1465;63855711355303;63855711355342;7;2,65557;9010301179
1466;63855711355355;63855711355456;7;9,448559;9010301179
1467;63855711355596;63855711355621;7;5,27091;9010301179
1468;63855711356314;63855711356352;7;7,471784;9010301179
1469;63855711356779;63855711356829;7;22,24449;9010301179
1470;63855711356945;63855711356970;7;4,55591;9010301179
1471;63855711356983;63855711357073;7;7,016519;9010301179
1472;63855711357099;63855711357124;7;0,6023093;9010301179
1473;63855711357225;63855711357252;7;15,67037;9010301179
1474;63855711357521;63855711357534;7;1,6012;9010301179
1475;63855711357635;63855711357660;7;3,310916;9010301179
1476;63855711358847;63855711358890;7;4,604024;9010301179
1477;63855711358944;63855711358972;7;14,14893;9010301179
1478;63855711359167;63855711359194;7;4,837805;9010301179
1479;63855711359222;63855711359278;7;5,250387;9010301179
1480;63855711359292;63855711359321;7;6,532579;9010301179
1481;63855711359446;63855711359475;7;2,384662;9010301179
1482;63855711359787;63855711359858;7;25,18469;9010301179
1483;63855711360186;63855711360215;7;1,651142;9010301179
1484;63855711360243;63855711360272;7;6,615447;9010301179
1485;63855711360632;63855711360731;7;10,58948;9010301179
1486;63855711360948;63855711361079;7;16,54883;9010301179
1487;63855711361181;63855711361208;7;2,023907;9010301179
1488;63855711361220;63855711361383;7;17,19385;9010301179
1489;63855711361458;63855711361484;7;3,122927;9010301179
1490;63855711361498;63855711361510;7;1,441436;9010301179
1491;63855711362270;63855711362282;7;3,97823;9010301179
1492;63855711362399;63855711362477;7;6,419212;9010301179
1493;63855711362609;63855711362635;7;8,661907;9010301179
1494;63855711363892;63855711363981;7;4,109469;9010301179
1495;63855711363996;63855711364021;7;1,068079;9010301179
1496;63855711364443;63855711364468;7;5,533747;9010301179
1497;63855711365220;63855711365245;7;11,44629;9010301179
1498;63855711365460;63855711365487;7;13,68415;9010301179
1499;63855711365868;63855711365893;7;7,766777;9010301179
1500;63855711366076;63855711366089;7;10,18854;9010301179
1501;63855711366102;63855711366210;7;4,351677;9010301179
1502;63855711366319;63855711366332;7;1,987019;9010301179
1503;63855711366373;63855711366413;7;15,60337;9010301179
1504;63855711366535;63855711366563;7;3,421939;9010301179
1505;63855711366576;63855711366590;7;1,677248;9010301179
1506;63855711366632;63855711366645;7;1,294827;9010301179
1507;63855711366687;63855711366727;7;4,660562;9010301179
1508;63855711366922;63855711366964;7;6,338679;9010301179
1509;63855711367020;63855711367047;7;2,108586;9010301179
1510;63855711367433;63855711367490;7;6,994062;9010301179
1511;63855711367736;63855711367778;7;15,91942;9010301179
1512;63855711369015;63855711369067;7;4,423281;9010301179
1513;63855711369221;63855711369260;7;4,865666;9010301179
1514;63855711369341;63855711369367;7;3,183277;9010301179
1515;63855711369696;63855711369722;7;2,321867;9010301179
1516;63855711370331;63855711370370;7;4,470761;9010301179
1517;63855711370411;63855711370436;7;1,049784;9010301179
1518;63855711370464;63855711370477;7;3,325489;9010301179
1519;63855711370678;63855711370719;7;9,076579;9010301179
1520;63855711370732;63855711370745;7;2,052522;9010301179
1521;63855711371113;63855711371155;7;5,040806;9010301179
1522;63855711372456;63855711372574;-7;9,705391;9010301179
1523;63855711372692;63855711372735;-7;3,996059;9010301179
1524;63855711372749;63855711372779;-7;2,699289;9010301179
1525;63855711374245;63855711374259;-7;5,871393;9010301179
1526;63855711374259;63855711374275;-7;6,4906;9010301179
1527;63855711375460;63855711375488;-7;2,509051;9010301179
1528;63855711375488;63855711375600;-7;14,70623;9010301179
1529;63855711375612;63855711375662;-7;8,245646;9010301179
1530;63855711375869;63855711375916;-7;8,445224;9010301179
1531;63855711376225;63855711376259;-7;7,024147;9010301179
1532;63855711376434;63855711376480;-7;3,635988;9010301179
1533;63855711377760;63855711377785;-7;2,349271;9010301179
1534;63855711378152;63855711378199;-7;6,802504;9010301179
1535;63855711379029;63855711379088;-7;5,275072;9010301179
1536;63855711379634;63855711379704;8;15,75479;9010301179
1537;63855711379787;63855711379821;8;2,299506;9010301179
1538;63855711379856;63855711379902;8;9,250451;9010301179
1539;63855711379913;63855711379925;8;0,5000685;9010301179
1540;63855711379982;63855711380019;8;10,58935;9010301179
1541;63855711380145;63855711380168;8;2,374628;9010301179
1542;63855711380757;63855711380779;8;4,226005;9010301179
1543;63855711381080;63855711381114;8;5,483479;9010301179
1544;63855711381462;63855711381509;8;7,528246;9010301179
1545;63855711381658;63855711381670;8;1,049225;9010301179
1546;63855711381856;63855711381890;8;12,2589;9010301179
1547;63855711382146;63855711382193;8;5,764834;9010301179
1548;63855711382615;63855711382675;8;11,70851;9010301179
1549;63855711382910;63855711382980;8;11,93339;9010301179
1550;63855711383496;63855711383520;8;3,548176;9010301179
1551;63855711383605;63855711383631;8;6,482922;9010301179
1552;63855711383943;63855711383968;8;3,124369;9010301179
1553;63855711384355;63855711384431;8;10,72328;9010301179
1554;63855711384456;63855711384481;8;0,9585876;9010301179
1555;63855711384557;63855711384584;8;2,192496;9010301179
1556;63855711384597;63855711384648;8;5,652532;9010301179
1557;63855711384660;63855711384726;8;7,343768;9010301179
1558;63855711384726;63855711384741;8;1,586836;9010301179
1559;63855711384948;63855711384988;8;7,200726;9010301179
1560;63855711385623;63855711385649;8;2,864027;9010301179
1561;63855711386186;63855711386212;8;2,164917;9010301179
1562;63855711386368;63855711386397;8;3,593794;9010301179
1563;63855711386537;63855711386552;8;1,756469;9010301179
1564;63855711386931;63855711386958;8;2,838901;9010301179
1565;63855711387275;63855711387288;8;10,79317;9010301179
1566;63855711387704;63855711387791;8;6,249683;9010301179
1567;63855711387866;63855711388029;8;3,883529;9010301179
1568;63855711388492;63855711388519;8;2,11988;9010301179
1569;63855711389376;63855711389426;8;11,42001;9010301179
1570;63855711389622;63855711389662;8;10,1572;9010301179
1571;63855711389766;63855711389779;8;1,923357;9010301179
1572;63855711389818;63855711389831;8;2,46474;9010301179
1573;63855711390031;63855711390057;8;5,108986;9010301179
1574;63855711390636;63855711390663;8;3,621312;9010301179
1575;63855711391176;63855711391292;8;15,1849;9010301179
1576;63855711391304;63855711391331;8;2,097605;9010301179
1577;63855711391459;63855711391473;8;1,816608;9010301179
1578;63855711391602;63855711391614;8;1,306861;9010301179
1579;63855711391900;63855711391941;8;5,645836;9010301179
1580;63855711392428;63855711392455;8;2,094804;9010301179
1581;63855711393356;63855711393412;8;13,67959;9010301179
1582;63855711393509;63855711393620;8;14,43395;9010301179
1583;63855711393646;63855711393689;8;4,216168;9010301179
1584;63855711393702;63855711393744;8;3,087687;9010301179
1585;63855711393813;63855711393842;8;4,106704;9010301179
1586;63855711394076;63855711394119;8;9,287069;9010301179
1587;63855711394284;63855711394311;8;2,754916;9010301179
1588;63855711394325;63855711394367;8;3,511567;9010301179
1589;63855711394395;63855711394422;8;2,921747;9010301179
1590;63855711394748;63855711394847;8;10,57332;9010301179
1591;63855711394859;63855711394909;8;5,069177;9010301179
1592;63855711394934;63855711395032;8;5,394086;9010301179
1593;63855711395044;63855711395069;8;4,381371;9010301179
1594;63855711395327;63855711395353;8;2,724264;9010301179
1595;63855711395719;63855711395743;8;2,098165;9010301179
1596;63855711396326;63855711396378;8;8,464826;9010301179
1597;63855711396470;63855711396497;8;4,888883;9010301179
1598;63855711396510;63855711396523;8;1,68435;9010301179
1599;63855711396536;63855711396576;8;6,263315;9010301179
1600;63855711396734;63855711396760;8;1,364153;9010301179
1601;63855711398169;63855711398312;8;1,025457;9010301179
1602;63855711398353;63855711398443;8;10,06917;9010301179
1603;63855711398469;63855711398485;8;1,768129;9010301179
1604;63855711398601;63855711398626;8;2,098072;9010301179
1605;63855711399524;63855711399591;8;17,45598;9010301179
1606;63855711399701;63855711399770;8;8,865521;9010301179
1607;63855711399923;63855711399936;8;3,252813;9010301179
1608;63855711400121;63855711400164;8;2,882762;9010301179
1609;63855711400192;63855711400236;8;5,843752;9010301179
1610;63855711400393;63855711400422;8;2,484671;9010301179
1611;63855711400479;63855711400493;8;2,583841;9010301179
1612;63855711400721;63855711400734;8;1,681443;9010301179
1613;63855711401119;63855711401146;8;2,514116;9010301179
1614;63855711401259;63855711401287;8;6,240139;9010301179
1615;63855711401627;63855711401678;8;11,24824;9010301179
1616;63855711401691;63855711401730;8;4,467431;9010301179
1617;63855711401742;63855711401767;8;3,194695;9010301179
1618;63855711401804;63855711401919;8;8,503829;9010301179
1619;63855711402343;63855711402380;8;7,846379;9010301179
1620;63855711402607;63855711402643;8;5,486016;9010301179
1621;63855711403260;63855711403325;8;10,04212;9010301179
1622;63855711403457;63855711403497;8;3,514688;9010301179
1623;63855711403562;63855711403615;8;4,498844;9010301179
1624;63855711404999;63855711405023;-8;2,133041;9010301179
1625;63855711405208;63855711405244;-8;9,388687;9010301179
1626;63855711405896;63855711405924;-8;7,744127;9010301179
1627;63855711406275;63855711406304;-8;4,482225;9010301179
1628;63855711406437;63855711406467;-8;3,53834;9010301179
1629;63855711406497;63855711406525;-8;3,290988;9010301179
1630;63855711406541;63855711406600;-8;5,778079;9010301179
1631;63855711406746;63855711406776;-8;1,737312;9010301179
1632;63855711407067;63855711407111;-8;5,446257;9010301179
1633;63855711407389;63855711407447;-8;4,204446;9010301179
1634;63855711407507;63855711407578;-8;12,67141;9010301179
1635;63855711407635;63855711407648;-8;3,481834;9010301179
1636;63855711407663;63855711407732;-8;11,11765;9010301179
1637;63855711408171;63855711408208;-8;2,043826;9010301179
1638;63855711408303;63855711408327;-8;2,224664;9010301179
1639;63855711408401;63855711408436;-8;5,102846;9010301179
1640;63855711408510;63855711408620;-8;11,88551;9010301179
1641;63855711408632;63855711408731;-8;10,40119;9010301179
1642;63855711408743;63855711408830;-8;6,963875;9010301179
1643;63855711410609;63855711410645;-8;3,935023;9010301179
1644;63855711411046;63855711411082;-8;6,26369;9010301179
1645;63855711412275;63855711412311;-8;4,817312;9010301179
1646;63855711412595;63855711412632;-8;7,738702;9010301179
1647;63855711412706;63855711412755;-8;5,628801;9010301179
1648;63855711412852;63855711412900;-8;17,69602;9010301179
